assists_last13_diff,win_last13_diff,reboundsTotal_last13_diff,turnovers_last13_diff,fieldGoalsPercentage_last13_diff,threePointersPercentage_last13_diff,freeThrowsPercentage_last13_diff,offRating_last13_diff,defRating_last13_diff,pace_last13_diff,tsPct_last13_diff,assists_last5_diff,win_last5_diff,reboundsTotal_last5_diff,turnovers_last5_diff,fieldGoalsPercentage_last5_diff,threePointersPercentage_last5_diff,freeThrowsPercentage_last5_diff,offRating_last5_diff,defRating_last5_diff,pace_last5_diff,tsPct_last5_diff,home_win
-2.1538461538461533,0.38461538461538464,1.1538461538461533,0.8461538461538467,0.032153846153846144,0.05515384615384622,-0.061153846153846114,5.807692307692278,-4.392307692307682,-4.4961538461538595,0.02946153846153854,-5.399999999999999,0.19999999999999996,4.799999999999997,0.40000000000000036,0.008199999999999985,-0.009599999999999942,-0.09640000000000026,-1.6600000000000108,-3.119999999999976,-2.8900000000000006,-0.013399999999999967,1
-0.30769230769231015,-0.07692307692307687,-2.7692307692307665,-0.3076923076923084,0.027692307692307627,0.019153846153846077,0.02623076923076928,-2.9307692307692434,-7.415384615384625,0.5,0.025769230769230655,-6.800000000000001,-0.6,-6.600000000000001,-1.1999999999999993,-0.027799999999999936,-0.02360000000000001,0.11599999999999999,-10.439999999999984,5.960000000000008,1.2000000000000028,-0.03080000000000005,0
1.6153846153846168,-0.07692307692307687,1.53846153846154,1.5384615384615383,-0.04215384615384621,0.0039230769230769735,0.003461538461538405,-1.2307692307692122,-6.169230769230765,-1.7446153846153862,-0.01369230769230767,3.3999999999999986,0.0,-2.799999999999997,1.8000000000000007,-0.032399999999999984,0.07440000000000002,-0.0020000000000000018,2.0400000000000063,-4.159999999999997,-1.1359999999999815,0.00660000000000005,1
-2.846153846153843,0.07692307692307698,-5.153846153846153,-2.615384615384615,-0.004692307692307662,-0.024769230769230766,-0.002615384615384686,0.22307692307694538,7.73846153846155,1.7130769230769118,0.013384615384615328,-4.400000000000002,0.2,-2.799999999999997,-2.5999999999999996,-0.02739999999999987,-0.11399999999999999,-0.019199999999999995,-3.780000000000001,1.5799999999999699,4.4539999999999935,-0.02719999999999989,0
3.53846153846154,-0.07692307692307698,-2.8461538461538467,-0.8461538461538467,0.0626923076923076,0.07761538461538459,0.06830769230769229,10.900000000000006,7.599999999999994,-0.4000000000000057,0.06607692307692303,5.599999999999998,-0.20000000000000007,-8.600000000000001,-0.7999999999999989,0.08760000000000001,0.11200000000000004,0.1492,13.539999999999992,14.299999999999997,-2.843999999999994,0.10360000000000003,1
5.23076923076923,-0.07692307692307693,0.0769230769230802,-1.0769230769230784,-0.01184615384615384,-0.006307692307692292,-0.028307692307692367,-2.2846153846153925,-1.5692307692307708,6.5,-0.015000000000000013,2.3999999999999986,0.2,2.3999999999999986,-4.200000000000001,-0.021800000000000097,-0.04680000000000001,0.039000000000000146,0.4399999999999835,-4.900000000000006,4.5,-0.02400000000000002,0
7.46153846153846,-0.07692307692307687,1.923076923076927,3.384615384615385,0.017153846153846186,0.06953846153846155,-0.04015384615384621,2.0384615384615614,5.253846153846155,1.5830769230769306,0.01807692307692299,12.000000000000004,-0.20000000000000007,-4.399999999999999,2.4000000000000004,0.022399999999999864,0.08499999999999996,-0.019000000000000017,4.300000000000026,10.659999999999997,2.9000000000000057,0.0242,0
-0.2307692307692335,-0.07692307692307693,0.6923076923076863,-0.3076923076923066,-0.05192307692307696,0.0137692307692307,0.07669230769230773,2.015384615384619,6.361538461538473,-3.7307692307692406,-0.018384615384615333,-3.3999999999999986,-0.39999999999999997,2.3999999999999986,1.8000000000000007,-0.05419999999999997,-0.033999999999999975,0.060799999999999965,-6.5,3.359999999999985,-6.099999999999994,-0.04579999999999995,0
4.4615384615384635,0.0,-1.3846153846153868,4.769230769230768,0.003692307692307717,-0.02238461538461539,-0.07161538461538453,-7.961538461538467,-8.915384615384625,3.653846153846146,-0.014692307692307671,3.400000000000002,0.20000000000000007,-1.7999999999999972,5.000000000000002,0.00759999999999994,-0.0031999999999999806,-0.14739999999999998,-5.599999999999994,-16.540000000000006,2.299999999999997,-0.0122000000000001,1
3.7692307692307665,0.46153846153846156,-0.8461538461538467,-0.5384615384615383,0.04492307692307684,0.03923076923076918,-0.006846153846153724,9.99230769230769,-6.7846153846153925,0.019230769230773603,0.053538461538461535,1.0,0.39999999999999997,3.3999999999999986,0.20000000000000107,0.0262,-0.0012000000000000344,-0.11220000000000008,-0.04000000000000625,-18.219999999999985,-0.5,0.011600000000000055,1
0.6923076923076898,0.46153846153846156,6.923076923076927,-3.3076923076923084,0.01776923076923076,0.02561538461538454,-0.02169230769230779,7.330769230769235,-11.292307692307702,-1.0,0.002923076923076917,1.0,0.6000000000000001,11.799999999999997,-0.7999999999999989,0.029799999999999993,0.06379999999999997,-0.019399999999999973,9.899999999999977,-11.040000000000006,-0.5999999999999943,0.016800000000000037,0
4.615384615384617,0.6153846153846154,-2.076923076923073,-4.230769230769232,0.036538461538461575,0.002692307692307716,0.03669230769230769,10.876923076923077,-10.361538461538487,-2.0061538461538504,0.0376923076923078,8.2,1.0,2.0,-2.5999999999999996,0.062400000000000067,-0.047799999999999954,-0.007800000000000029,10.719999999999985,-13.02000000000001,-0.21999999999998465,0.040200000000000014,1
0.0,-0.07692307692307698,3.461538461538467,0.615384615384615,0.0052307692307690945,0.0160769230769231,-0.01623076923076905,1.5923076923076849,3.4923076923077048,-1.6838461538461615,0.010076923076923094,1.0,-0.19999999999999996,0.3999999999999986,0.5999999999999996,0.011800000000000033,0.0021999999999999797,-0.032199999999999895,0.7999999999999972,1.6400000000000148,0.2219999999999942,0.01880000000000004,0
0.6923076923076934,0.07692307692307693,4.923076923076927,1.0769230769230766,0.0008461538461538853,-0.03846153846153849,-0.054230769230769305,-2.5461538461538424,-12.323076923076925,2.496923076923082,-0.0020769230769230873,-0.1999999999999993,0.2,6.799999999999997,2.0,-0.008999999999999952,0.029600000000000015,-0.09440000000000004,-1.8799999999999955,-9.179999999999993,1.8920000000000101,0.00660000000000005,1
0.3846153846153868,-0.07692307692307687,-0.6923076923076934,1.0769230769230784,-0.014692307692307671,0.015076923076923043,0.0493076923076925,-0.6846153846153697,-0.6615384615384698,-0.8653846153846132,-0.005230769230769261,-1.0,0.0,-3.3999999999999986,1.5999999999999996,0.03540000000000004,0.063,0.05400000000000005,7.280000000000001,-0.47999999999998977,-1.2000000000000028,0.04420000000000002,1
-3.3846153846153832,-0.07692307692307687,2.6923076923076934,1.6923076923076916,-0.0160769230769231,0.06161538461538463,-0.03092307692307683,1.6615384615384556,2.5461538461538566,-3.4561538461538532,-0.018307692307692358,-1.3999999999999986,0.19999999999999996,6.399999999999999,-0.5999999999999996,-0.018799999999999928,0.0041999999999999815,-0.011200000000000099,3.0400000000000063,-2.9200000000000017,-3.989999999999995,-0.04039999999999999,0
2.6153846153846168,-0.6153846153846154,1.46153846153846,4.384615384615385,-0.0446923076923077,-0.03353846153846157,-0.03430769230769248,-6.4384615384615245,17.638461538461527,2.008461538461532,-0.03769230769230769,6.799999999999997,-0.6,3.0,0.8000000000000007,-0.01319999999999999,-0.006199999999999983,-0.03500000000000003,3.9599999999999937,23.460000000000008,3.872,-0.001000000000000112,0
0.8461538461538467,0.07692307692307693,-2.53846153846154,0.8461538461538449,-0.00830769230769235,0.036692307692307635,0.014923076923076928,-5.153846153846175,-8.200000000000017,-2.5715384615384664,0.009846153846153838,2.1999999999999993,0.39999999999999997,-3.8000000000000043,2.200000000000001,-0.028000000000000025,0.052200000000000024,0.03860000000000008,-6.159999999999982,-15.14,1.4140000000000015,0.013399999999999856,0
-5.307692307692307,-0.6923076923076923,0.9230769230769198,2.7692307692307683,-0.04361538461538467,-0.005384615384615321,-0.03469230769230769,-9.292307692307702,14.292307692307688,0.9707692307692213,-0.05076923076923079,-5.199999999999999,-0.6,2.0,1.3999999999999986,-0.04799999999999993,-0.0020000000000000018,0.034800000000000164,-7.900000000000006,10.300000000000026,1.4080000000000013,-0.04719999999999991,1
-1.1538461538461533,-0.23076923076923073,1.6153846153846132,1.4615384615384617,-0.019769230769230706,0.0002307692307692566,-0.03600000000000003,-4.900000000000006,1.9307692307692434,0.5146153846153965,-0.030461538461538318,-3.0,-0.19999999999999996,4.0,4.199999999999999,-0.03520000000000001,-0.029000000000000026,-0.029400000000000093,-10.47999999999999,-0.7399999999999807,-0.8580000000000041,-0.04260000000000008,0
2.0,0.5384615384615385,0.8461538461538467,1.384615384615385,0.032230769230769174,-0.029692307692307685,-0.03400000000000003,0.23846153846152163,-8.384615384615387,3.9207692307692383,0.015461538461538415,2.0,0.6000000000000001,1.3999999999999986,3.200000000000001,0.041800000000000004,-0.04760000000000003,-0.10119999999999996,-3.319999999999979,-15.299999999999997,5.299999999999997,0.021599999999999953,1
-1.6153846153846168,-0.3846153846153846,0.1538461538461533,-3.1538461538461533,-0.04723076923076919,-0.0023076923076922884,0.039153846153845984,-0.3615384615384585,4.6769230769230745,-4.699999999999989,-0.03623076923076918,-1.1999999999999993,-0.19999999999999996,6.399999999999999,-3.4000000000000004,-0.029400000000000093,0.03299999999999992,0.009200000000000097,5.719999999999999,4.140000000000015,-5.1000000000000085,-0.018399999999999972,1
-3.3846153846153832,-0.46153846153846156,-0.0769230769230731,2.9230769230769234,-0.032230769230769285,-0.03407692307692306,0.06084615384615388,-9.138461538461542,3.2307692307692264,-1.8400000000000176,-0.024461538461538535,-3.6000000000000014,-0.6,-1.6000000000000014,1.5999999999999996,-0.053599999999999925,-0.016400000000000026,0.12959999999999994,-7.240000000000009,2.799999999999983,-2.6000000000000085,-0.04280000000000006,0
3.5384615384615365,0.3846153846153846,7.384615384615387,-0.5384615384615383,-0.011692307692307669,-0.06415384615384612,0.06815384615384623,2.9846153846153953,-7.26153846153845,5.800769230769248,-0.01592307692307704,4.200000000000003,1.0,13.400000000000006,-2.1999999999999993,-0.0006000000000000449,-0.07879999999999998,-0.00660000000000005,8.780000000000001,-18.800000000000026,6.447999999999993,-0.02199999999999991,1
6.384615384615383,0.7692307692307693,0.6923076923076934,-1.0769230769230766,0.08146153846153842,0.06423076923076926,-0.0006153846153846843,12.646153846153837,-12.569230769230757,-1.996923076923082,0.07369230769230761,6.399999999999999,0.8,1.2000000000000028,-1.3999999999999986,0.057600000000000096,0.05620000000000014,-0.029199999999999893,7.299999999999983,-11.799999999999997,-2.691999999999993,0.0351999999999999,1
0.76923076923077,0.3076923076923077,-1.0769230769230802,-2.384615384615385,0.011769230769230754,0.017615384615384644,0.04869230769230759,4.546153846153842,-7.869230769230782,-0.5092307692307543,0.021692307692307677,6.0,0.6,-6.600000000000001,0.0,0.07540000000000002,0.1194,0.032600000000000184,11.940000000000012,-5.4199999999999875,-2.2240000000000038,0.08639999999999992,1
-4.76923076923077,0.0,-4.0,1.1538461538461533,0.032153846153846144,0.01861538461538459,-0.0226923076923079,-0.0076923076922952305,4.199999999999989,2.07692307692308,0.018153846153846076,-6.399999999999999,-0.2,-6.200000000000003,2.0,0.03860000000000002,0.011799999999999922,0.030399999999999983,-0.6799999999999926,8.399999999999977,5.700000000000003,0.027800000000000047,0
0.9230769230769234,-0.3846153846153846,-6.0,1.5384615384615383,-0.050230769230769245,-0.07630769230769224,0.018461538461538307,-12.769230769230774,1.1076923076922895,4.1115384615384585,-0.023923076923077047,6.399999999999999,-0.4,-3.0,4.400000000000002,-0.0038000000000000256,-0.029199999999999948,-0.029400000000000093,-7.219999999999999,2.2399999999999807,7.789999999999992,0.023399999999999976,0
-3.153846153846157,-0.23076923076923078,3.076923076923073,-0.1538461538461533,-0.04376923076923073,-0.04253846153846158,-0.04192307692307695,-2.038461538461547,5.953846153846172,1.3023076923076928,-0.04992307692307685,-3.1999999999999993,-0.19999999999999996,5.600000000000001,2.4000000000000004,-0.055600000000000094,-0.05519999999999997,-0.06119999999999981,-5.200000000000003,5.099999999999994,2.700000000000003,-0.06040000000000001,0
1.1538461538461533,-0.46153846153846156,-3.076923076923073,-1.6923076923076934,-0.017230769230769216,-0.04369230769230764,-0.03838461538461524,-8.438461538461539,12.607692307692318,3.239999999999995,-0.03599999999999992,3.8000000000000007,-0.19999999999999996,-4.0,-4.399999999999999,0.006799999999999917,-0.053800000000000014,0.011200000000000099,-4.139999999999986,5.940000000000012,0.02400000000000091,-0.0050000000000000044,0
3.3846153846153832,-0.07692307692307687,-4.0,2.1538461538461533,0.029153846153846197,0.03069230769230774,0.009538461538461496,-1.4307692307692434,1.1461538461538652,-1.0192307692307736,0.027153846153846084,5.199999999999999,-0.19999999999999996,-3.3999999999999986,-0.1999999999999993,0.009199999999999986,0.035599999999999965,-0.009599999999999942,3.8400000000000176,9.420000000000002,0.10000000000000853,0.0041999999999999815,1
-1.23076923076923,-0.15384615384615385,-4.384615384615387,-1.5384615384615383,-0.024538461538461565,-0.03515384615384615,-0.039153846153846095,-1.2461538461538595,4.592307692307685,-3.44307692307693,-0.010846153846153839,0.0,0.0,-3.1999999999999957,-2.0,0.007199999999999984,0.009599999999999942,-0.06779999999999986,4.759999999999991,-3.5800000000000125,-4.951999999999998,0.022400000000000087,0
-5.0,-0.23076923076923078,-1.3846153846153797,0.6923076923076916,-0.02823076923076928,-0.04761538461538467,0.06500000000000028,-1.9076923076922867,-0.9461538461538197,-5.867692307692295,-0.024846153846153962,-7.200000000000003,-0.6,-1.0,0.0,-0.0262,-0.054800000000000015,0.0868000000000001,-1.2399999999999807,2.1399999999999864,-8.899999999999991,-0.03320000000000001,1
-0.8461538461538467,0.23076923076923084,0.6923076923076934,0.07692307692307665,0.024769230769230766,-0.0010000000000000009,-0.12092307692307691,-1.5153846153846189,-0.5076923076923237,0.7346153846153811,-0.002923076923076806,-5.400000000000002,0.0,-1.2000000000000028,3.0,0.013999999999999901,-0.03939999999999999,-0.10099999999999998,-6.799999999999983,1.5400000000000063,-1.8999999999999915,-0.0005999999999999339,0
-2.0769230769230766,0.07692307692307693,1.6923076923076934,-2.6923076923076934,-0.040000000000000036,-0.06853846153846155,0.03076923076923066,-2.1000000000000085,-5.669230769230765,-0.35692307692306713,-0.036461538461538434,-3.3999999999999986,0.0,1.1999999999999957,1.6000000000000014,-0.021600000000000008,-0.053600000000000037,-0.018000000000000016,-3.280000000000001,-7.520000000000024,-0.10800000000000409,-0.01759999999999995,1
1.6923076923076934,0.3846153846153846,4.846153846153847,-1.6923076923076916,0.01799999999999996,-0.02615384615384614,0.08761538461538476,13.361538461538473,-2.0230769230769283,0.4353846153846206,0.025000000000000022,-1.2000000000000028,0.6,4.0,-1.200000000000001,0.04759999999999992,-0.05199999999999999,-0.00040000000000006697,11.259999999999991,-3.6200000000000045,0.04800000000000182,0.03479999999999994,1
1.8461538461538467,0.15384615384615385,-0.4615384615384599,-3.3076923076923084,0.023692307692307735,-0.004076923076923089,0.03584615384615386,3.961538461538467,-7.7846153846153925,2.07692307692308,0.030692307692307574,5.600000000000001,0.19999999999999996,-4.600000000000001,-3.400000000000002,0.059799999999999964,0.024400000000000033,0.06540000000000001,10.940000000000012,-5.739999999999981,1.5,0.0776,1
1.7692307692307665,0.15384615384615385,0.7692307692307665,-1.9230769230769234,0.023769230769230654,0.02492307692307688,-0.016000000000000014,6.207692307692298,0.5999999999999943,-0.2692307692307736,0.01961538461538448,3.0,-0.20000000000000007,-3.5999999999999943,1.6000000000000014,0.035200000000000065,0.04239999999999994,-0.01419999999999999,5.5,10.019999999999996,0.09999999999999432,0.033199999999999896,0
3.3076923076923066,0.0,4.307692307692314,2.153846153846155,-0.016000000000000014,-0.023615384615384594,0.02300000000000013,3.146153846153851,0.2846153846153925,0.7107692307692304,0.0035384615384617124,5.399999999999999,-0.2,2.6000000000000014,2.1999999999999993,0.0030000000000000027,0.026800000000000046,-0.01519999999999988,5.0,5.699999999999989,5.248000000000005,0.02279999999999993,1
2.3076923076923066,0.6153846153846154,-5.38461538461538,-1.3076923076923066,0.06530769230769234,0.03869230769230769,0.0606923076923076,12.546153846153828,4.130769230769232,-1.8430769230769215,0.07423076923076921,5.400000000000002,0.8,-3.0,-1.8000000000000007,0.11300000000000004,0.01479999999999998,0.01639999999999997,19.980000000000004,-0.3999999999999915,-0.7999999999999972,0.10999999999999999,1
-5.69230769230769,-0.15384615384615385,-7.61538461538462,0.8461538461538449,0.03469230769230763,0.03299999999999992,0.030000000000000027,4.469230769230762,7.492307692307691,-2.703076923076935,0.046615384615384725,-10.799999999999997,-0.39999999999999997,-12.0,1.5999999999999996,-0.0019999999999999463,0.027600000000000013,0.09260000000000013,-2.0799999999999983,12.499999999999972,0.465999999999994,0.025399999999999978,0
0.0,0.3076923076923077,-0.0769230769230731,-1.0,0.018230769230769273,0.014999999999999958,-0.055692307692307486,8.084615384615375,-3.223076923076917,0.019230769230773603,0.018846153846153957,1.3999999999999986,0.39999999999999997,3.6000000000000014,-4.800000000000001,0.031200000000000006,-0.0024000000000000132,-0.025599999999999956,19.359999999999985,-1.1000000000000085,0.75,0.02400000000000002,1
1.46153846153846,-0.07692307692307687,-0.3846153846153868,-2.3076923076923084,0.005692307692307663,0.08076923076923076,-0.07938461538461539,2.5461538461538566,1.0307692307692093,0.5061538461538504,0.005230769230769261,4.799999999999997,0.0,-2.200000000000003,-2.200000000000001,0.049199999999999966,0.10899999999999999,-0.06440000000000001,7.820000000000007,0.6199999999999761,0.015999999999991132,0.039999999999999925,0
-2.6153846153846168,0.0,0.4615384615384599,1.3076923076923084,-0.00861538461538458,0.02707692307692311,0.028461538461538538,2.884615384615387,1.4769230769230575,-2.0192307692307736,0.0063076923076923475,-6.599999999999998,0.19999999999999996,-0.3999999999999986,-0.8000000000000007,0.013600000000000001,0.011400000000000021,-0.04400000000000004,9.039999999999978,0.4200000000000159,-4.299999999999997,0.02100000000000002,0
1.6923076923076934,0.15384615384615385,4.923076923076927,-0.5384615384615383,-0.048384615384615415,-0.07192307692307698,0.08276923076923082,1.9538461538461434,-4.330769230769221,2.2053846153846166,-0.03346153846153843,1.0,0.19999999999999996,10.199999999999996,-2.8000000000000007,-0.054200000000000026,-0.13,0.059800000000000075,3.779999999999987,-5.0800000000000125,4.834000000000003,-0.0494,1
3.384615384615387,0.7692307692307692,0.9230769230769198,1.0769230769230784,0.07276923076923075,0.05492307692307696,-0.03569230769230769,11.57692307692308,-9.5,-0.8476923076922986,0.06223076923076909,6.400000000000002,1.0,4.800000000000004,1.4000000000000004,0.10339999999999999,0.0852,-0.08219999999999994,16.379999999999995,-17.25999999999999,-0.6800000000000068,0.09079999999999999,1
3.46153846153846,0.3076923076923077,-3.2307692307692335,-2.8461538461538467,0.03269230769230769,-0.009230769230769265,-0.04715384615384621,3.2384615384615216,-4.776923076923069,0.9938461538461638,0.010769230769230753,3.6000000000000014,0.6000000000000001,0.0,-4.6,0.05159999999999998,-0.03460000000000002,-0.046800000000000064,7.820000000000007,-8.960000000000008,2.8840000000000003,0.026800000000000046,1
1.3076923076923066,0.3076923076923077,-3.46153846153846,-1.615384615384615,0.04269230769230781,0.08899999999999991,0.06707692307692303,12.323076923076911,5.215384615384622,-2.073846153846148,0.058461538461538454,0.3999999999999986,0.4,-3.200000000000003,-2.1999999999999993,0.04259999999999997,0.044399999999999995,0.12320000000000009,11.539999999999978,-3.5400000000000205,1.0079999999999956,0.057599999999999985,1
-2.46153846153846,-0.7692307692307693,-6.307692307692307,2.5384615384615383,-0.044999999999999984,-0.01261538461538464,-0.09761538461538444,-11.192307692307708,18.646153846153823,-0.8169230769230893,-0.05653846153846154,-2.0,-1.0,-6.600000000000001,3.8000000000000007,-0.04480000000000006,-0.032799999999999996,-0.05719999999999992,-10.700000000000003,24.960000000000022,-0.3999999999999915,-0.052000000000000046,0
-2.53846153846154,-0.07692307692307687,2.92307692307692,-0.8461538461538449,0.021230769230769164,-0.04323076923076924,-0.03523076923076918,2.446153846153848,2.630769230769232,-2.1115384615384727,-0.0010769230769230864,-1.7999999999999972,-0.20000000000000007,3.3999999999999986,-1.5999999999999996,0.01679999999999998,-0.04760000000000003,0.026599999999999957,1.7199999999999989,4.1200000000000045,-5.290000000000006,-0.005199999999999982,1
-0.23076923076922995,-0.3846153846153846,-6.076923076923073,3.9230769230769234,-0.009538461538461607,-0.018461538461538474,0.03192307692307683,-5.484615384615381,11.346153846153854,1.961538461538467,0.00930769230769235,-1.0,-0.39999999999999997,-12.600000000000001,3.0,-0.017199999999999938,-0.043200000000000016,0.06400000000000006,-7.560000000000002,8.259999999999991,0.7000000000000028,0.017799999999999927,0
4.23076923076923,-0.23076923076923084,-4.846153846153847,-0.5384615384615401,0.01023076923076921,0.014307692307692299,0.05446153846153845,-1.4461538461538481,1.3461538461538396,0.18461538461538396,0.021076923076922993,7.800000000000001,0.0,-6.600000000000001,-0.3999999999999986,0.029799999999999938,0.03979999999999995,0.06599999999999995,3.0600000000000165,-1.3399999999999892,-0.4200000000000017,0.050799999999999956,0
-0.76923076923077,0.4615384615384615,1.8461538461538467,1.8461538461538467,0.07507692307692304,0.03376923076923072,-0.026923076923076827,9.32307692307694,-5.330769230769235,-2.346153846153854,0.06653846153846155,3.599999999999998,0.39999999999999997,1.7999999999999972,1.3999999999999986,0.09140000000000004,0.02180000000000004,0.07640000000000002,13.180000000000021,-1.960000000000008,-0.30000000000001137,0.08119999999999994,1
-3.46153846153846,0.38461538461538464,-7.0,-0.7692307692307683,0.05784615384615388,0.015153846153846073,-0.009769230769230752,2.961538461538453,-4.57692307692308,-1.5469230769230649,0.04530769230769227,-9.199999999999996,0.19999999999999996,-4.0,0.5999999999999979,0.024399999999999977,-0.009599999999999997,0.02399999999999991,-5.3999999999999915,-10.539999999999992,-5.072000000000003,0.014800000000000035,1
-2.0,-0.07692307692307687,0.8461538461538467,-0.1538461538461533,-0.02130769230769225,-0.05699999999999994,-0.004769230769230748,-1.1153846153846132,3.5076923076923094,3.590769230769226,-0.026307692307692254,-2.1999999999999993,-0.6000000000000001,2.0,0.40000000000000036,-0.030999999999999972,-0.06420000000000003,-0.031000000000000028,-4.980000000000004,15.140000000000015,3.0859999999999985,-0.04599999999999993,0
-2.6153846153846168,-0.15384615384615385,0.3846153846153797,-2.0769230769230766,-0.05692307692307691,-0.05884615384615394,-0.07438461538461538,-8.807692307692307,1.646153846153851,1.5323076923076968,-0.07423076923076932,-3.400000000000002,-0.2,-0.8000000000000043,0.0,-0.0484,-0.062000000000000055,-0.021600000000000064,-7.920000000000002,9.799999999999983,4.884,-0.060800000000000076,1
3.6923076923076934,0.07692307692307698,2.3076923076923066,-1.6923076923076934,0.03576923076923083,0.022230769230769276,-0.017230769230769383,4.2846153846153925,3.7076923076923265,4.82692307692308,0.01284615384615373,5.199999999999999,0.0,7.800000000000004,-3.200000000000001,0.023599999999999954,-0.010199999999999987,-0.019600000000000062,5.3999999999999915,7.38000000000001,3.9499999999999886,-0.013999999999999901,1
-3.69230769230769,0.0,2.6153846153846203,1.0769230769230766,-0.027153846153846195,0.0023846153846154294,0.021230769230769275,0.5692307692307708,1.646153846153851,-1.3861538461538458,-0.014307692307692355,-5.800000000000001,-0.20000000000000007,2.799999999999997,1.0,-0.059,0.006599999999999995,0.031199999999999894,-6.540000000000006,-0.04000000000000625,-3.200000000000003,-0.03939999999999999,0
1.6153846153846168,0.5384615384615385,-0.4615384615384599,-2.153846153846155,0.040076923076922955,0.008538461538461495,0.05023076923076919,11.700000000000003,-10.284615384615392,-1.9676923076923032,0.05061538461538462,2.0,0.8,6.400000000000006,-2.8000000000000007,0.025199999999999945,-0.03860000000000002,0.02420000000000011,8.459999999999994,-19.840000000000003,2.680000000000007,0.025799999999999934,1
-5.923076923076923,-0.6153846153846154,-7.076923076923073,2.615384615384615,-0.06438461538461537,-0.019923076923076988,-0.06446153846153857,-15.015384615384619,10.946153846153834,-1.9192307692307793,-0.06969230769230783,-3.0,-0.8,-9.600000000000001,6.0,-0.039400000000000046,-0.04799999999999999,-0.011800000000000033,-16.120000000000005,10.259999999999991,-0.5999999999999943,-0.0534,0
-0.30769230769231015,0.6923076923076923,6.692307692307693,-1.76923076923077,0.020076923076922992,-0.0065384615384615485,0.09923076923076923,10.176923076923075,-18.323076923076925,-2.7307692307692264,0.03538461538461546,-0.6000000000000014,1.0,5.400000000000006,-1.0,0.04179999999999989,0.006000000000000005,0.1302000000000001,13.540000000000006,-24.580000000000027,-3.5999999999999943,0.059599999999999986,1
-3.0,-0.3076923076923077,-1.3846153846153868,3.1538461538461533,-0.003384615384615375,-0.06907692307692304,-0.11423076923076925,-14.684615384615398,-3.8615384615384585,2.2276923076923083,-0.02923076923076917,-4.0,-0.39999999999999997,2.1999999999999957,4.800000000000001,-0.023200000000000054,-0.0398,-0.10599999999999987,-16.019999999999982,-1.1600000000000108,1.3920000000000101,-0.036599999999999966,0
-4.384615384615387,-0.07692307692307687,-4.0,1.1538461538461533,-0.023538461538461564,-0.06161538461538457,0.02515384615384597,0.12307692307690843,1.0923076923076849,0.4284615384615478,-0.023615384615384594,-6.0,0.0,-6.800000000000004,-0.20000000000000107,0.007800000000000029,-0.07119999999999999,-0.025800000000000045,1.1999999999999744,4.5,-4.0859999999999985,-0.016599999999999948,0
1.1538461538461533,0.23076923076923073,3.2307692307692335,-0.1538461538461533,-0.004153846153846175,-0.039923076923076894,-0.018846153846153846,1.4692307692307622,-4.007692307692324,2.924615384615379,-0.009076923076923205,3.0,0.6000000000000001,2.8000000000000043,0.20000000000000107,0.010000000000000064,-0.03520000000000001,-0.034399999999999986,-0.01999999999999602,-8.740000000000009,1.6039999999999992,-0.0026000000000000467,1
1.6923076923076934,0.07692307692307693,4.923076923076927,-0.5384615384615383,-0.03746153846153849,-0.026692307692307737,0.04630769230769216,-0.47692307692305747,-5.42307692307692,-2.2307692307692406,-0.021615384615384592,2.1999999999999993,0.0,8.799999999999997,0.40000000000000036,-0.04579999999999995,-0.020000000000000018,0.03960000000000008,-1.6799999999999926,-1.2800000000000011,-1.2999999999999972,-0.027800000000000047,1
0.76923076923077,-0.07692307692307687,-5.846153846153847,-0.4615384615384617,0.028230769230769226,0.04323076923076913,-0.10007692307692306,-2.9153846153846104,1.9000000000000057,0.7769230769230688,0.02115384615384608,4.199999999999999,0.0,-6.200000000000003,0.40000000000000036,0.029200000000000004,0.07779999999999992,-0.11339999999999983,0.4399999999999835,3.3999999999999915,2.1159999999999997,0.024799999999999933,0
-4.076923076923077,0.07692307692307687,2.615384615384613,1.3846153846153832,0.0002307692307692566,-0.005538461538461548,0.02230769230769214,0.4461538461538481,0.36923076923078213,-1.3076923076923066,0.006999999999999895,-4.9999999999999964,-0.20000000000000007,5.799999999999997,-0.40000000000000036,-0.013600000000000056,-0.041200000000000014,0.04059999999999997,-3.200000000000003,-0.020000000000010232,-1.0,-0.028000000000000025,1
2.8461538461538467,0.0,4.307692307692307,0.07692307692307665,-0.010769230769230753,-0.0023846153846153184,0.022538461538461618,1.9846153846153811,-0.41538461538459615,3.196153846153834,-0.006384615384615433,3.400000000000002,0.0,2.799999999999997,-2.4000000000000004,-0.020600000000000063,-0.04820000000000002,-0.059799999999999964,-0.14000000000000057,-2.619999999999976,-0.39000000000000057,-0.04360000000000008,0
-1.3846153846153868,0.0,-2.2307692307692264,1.46153846153846,0.018923076923076876,-0.011923076923076925,0.016153846153846185,-2.4692307692307764,-1.169230769230765,-1.342307692307699,0.020769230769230762,-1.1999999999999993,0.20000000000000007,-0.3999999999999986,1.1999999999999993,0.013999999999999957,0.04279999999999995,0.10540000000000005,0.01999999999999602,-9.33999999999999,-4.890000000000001,0.03180000000000005,1
-8.076923076923077,-0.46153846153846156,-0.6153846153846132,0.615384615384615,-0.05323076923076919,-0.03938461538461541,-0.023230769230769277,-9.200000000000003,8.053846153846138,-0.8846153846153868,-0.060461538461538566,-11.399999999999999,-0.6,2.3999999999999986,0.0,-0.07340000000000002,-0.12419999999999998,0.01200000000000001,-14.719999999999999,3.0400000000000063,-0.20000000000000284,-0.10660000000000003,0
5.0,0.46153846153846156,5.07692307692308,-2.615384615384615,0.019923076923076877,0.02715384615384614,0.024923076923076937,8.700000000000003,-6.4307692307692434,1.3646153846153766,0.032076923076923114,5.799999999999997,0.4,9.199999999999996,1.0,-0.014600000000000057,-0.012800000000000034,-0.029199999999999893,1.180000000000021,-7.840000000000018,5.1440000000000055,-0.005199999999999982,1
0.1538461538461533,-0.46153846153846156,-8.0,-0.615384615384615,0.005384615384615432,0.07853846153846156,-0.0346153846153846,-3.192307692307679,7.876923076923077,-1.2123076923076894,0.01538461538461533,-0.8000000000000007,-0.8,-9.399999999999999,0.5999999999999996,-0.01820000000000005,0.09779999999999994,-0.06379999999999997,-9.060000000000002,8.47999999999999,-4.5519999999999925,-0.010199999999999876,0
-4.53846153846154,0.07692307692307693,1.0,2.9230769230769234,0.02030769230769225,-0.02176923076923082,-0.0717692307692307,-3.038461538461533,-5.184615384615384,1.958461538461549,0.010923076923076924,-7.400000000000002,0.2,-0.3999999999999986,5.000000000000002,0.023799999999999932,0.04999999999999993,-0.0041999999999999815,-1.3599999999999852,-3.440000000000012,2.39200000000001,0.03500000000000003,0
2.6153846153846168,0.6923076923076923,7.384615384615387,-1.615384615384615,0.042692307692307696,0.017846153846153845,0.06546153846153857,13.89230769230771,-12.369230769230782,-1.961538461538467,0.05446153846153834,2.1999999999999993,0.8,5.600000000000001,-2.8000000000000007,0.068,0.056400000000000006,0.1190000000000001,22.140000000000015,-5.559999999999988,-2.4000000000000057,0.09860000000000002,0
-5.23076923076923,-0.07692307692307698,1.3846153846153868,1.0,-0.015769230769230758,-0.011230769230769266,0.006307692307692236,0.5769230769230802,2.0307692307692378,-6.423846153846156,-0.011538461538461497,-6.0,0.0,-1.2000000000000028,0.0,-0.006800000000000028,-0.031000000000000083,0.03059999999999996,-4.799999999999997,2.039999999999978,-9.147999999999996,-0.0028000000000000247,0
6.23076923076923,0.5384615384615384,-2.46153846153846,-1.0769230769230766,0.05315384615384616,0.03961538461538466,-0.06153846153846165,4.676923076923089,-10.069230769230757,1.8015384615384704,0.043384615384615466,7.0,0.6,-4.399999999999999,2.0,0.07580000000000009,0.09700000000000003,-0.08399999999999996,6.659999999999982,-7.200000000000003,3.1839999999999975,0.08760000000000001,1
-0.5384615384615365,-0.07692307692307687,2.1538461538461533,-3.46153846153846,-0.02176923076923082,-0.004846153846153833,-0.060461538461538455,0.5923076923076991,0.14615384615385096,-3.3884615384615273,-0.03892307692307695,0.3999999999999986,-0.20000000000000007,7.800000000000004,-1.200000000000001,-0.02300000000000002,0.0116,-0.07900000000000007,1.1600000000000108,1.7999999999999972,-4.010000000000005,-0.03480000000000005,1
4.615384615384617,0.38461538461538464,4.230769230769226,-1.384615384615385,-0.0011538461538461164,-0.009307692307692295,-0.05800000000000005,3.5538461538461803,-6.6384615384615415,5.209230769230771,-0.006846153846153835,2.0,0.19999999999999996,0.7999999999999972,0.40000000000000036,0.026599999999999957,-0.034399999999999986,-0.1542,-3.619999999999976,-7.400000000000006,1.994000000000014,-0.0030000000000000027,1
5.5384615384615365,0.5384615384615385,2.07692307692308,-0.8461538461538467,0.06546153846153857,0.053384615384615364,0.01692307692307682,7.5,-10.676923076923075,3.541538461538451,0.049461538461538446,5.0,0.6,3.4000000000000057,2.5999999999999996,0.08860000000000001,0.025000000000000022,0.0043999999999999595,8.820000000000007,-5.779999999999987,6.208000000000013,0.055400000000000005,1
1.7692307692307665,0.46153846153846156,-3.1538461538461533,-3.3076923076923084,0.04115384615384615,0.06661538461538463,0.04476923076923078,4.91538461538461,-16.00769230769231,-2.0330769230769334,0.05161538461538451,3.1999999999999993,0.8,-11.0,-3.0,0.07600000000000007,0.10620000000000002,0.07179999999999997,5.840000000000003,-23.519999999999996,-1.88600000000001,0.08740000000000003,1
-0.23076923076922995,0.0,0.3846153846153868,0.8461538461538467,-0.012461538461538524,0.02746153846153848,0.011846153846153729,1.2461538461538453,-3.7846153846153783,0.25,-0.008384615384615324,-6.200000000000003,0.20000000000000007,0.7999999999999972,1.799999999999999,-0.002599999999999991,0.0010000000000000564,0.012800000000000034,3.1599999999999824,-4.400000000000006,1.6000000000000085,-0.005199999999999982,1
3.0769230769230766,-0.46153846153846156,4.92307692307692,1.3076923076923066,-0.05738461538461542,-0.009230769230769265,0.02384615384615374,-3.538461538461533,8.07692307692308,1.8930769230769187,-0.04161538461538461,8.599999999999998,-0.4,1.5999999999999943,2.3999999999999986,-0.005799999999999972,0.05120000000000002,0.03579999999999983,4.480000000000018,16.620000000000005,3.872000000000014,0.012800000000000034,0
-3.7692307692307665,-0.7692307692307693,0.3076923076923066,-0.615384615384615,-0.09423076923076917,-0.06569230769230772,0.06400000000000006,-12.00769230769231,9.538461538461533,0.9538461538461576,-0.07869230769230773,-6.399999999999999,-0.8,1.2000000000000028,0.40000000000000036,-0.10999999999999993,-0.06480000000000002,0.10319999999999996,-11.820000000000007,12.939999999999984,0.5999999999999943,-0.0806,0
2.46153846153846,0.15384615384615385,-3.07692307692308,-0.6153846153846168,0.03623076923076929,0.041615384615384665,0.04784615384615376,3.3076923076923066,-0.7230769230769027,-2.1700000000000017,0.03192307692307683,5.600000000000001,0.19999999999999996,-5.200000000000003,-1.6000000000000014,0.03420000000000001,0.040200000000000014,0.08919999999999995,8.899999999999991,1.9200000000000017,0.9080000000000155,0.02859999999999996,1
-3.3076923076923066,-0.30769230769230765,-6.0,1.23076923076923,-0.028846153846153855,-0.03353846153846152,-0.030846153846153745,-8.730769230769226,5.553846153846152,-4.57692307692308,-0.022538461538461618,0.8000000000000007,0.0,-4.600000000000001,0.20000000000000107,0.0010000000000000009,0.039400000000000046,0.02739999999999998,-1.3599999999999852,-5.539999999999978,-6.8999999999999915,0.016999999999999904,0
6.692307692307693,0.38461538461538464,-0.4615384615384599,-2.6923076923076916,0.031461538461538485,0.05776923076923074,0.051692307692307704,9.461538461538453,1.961538461538467,3.291538461538451,0.031384615384615455,7.599999999999998,0.4,4.199999999999996,-4.199999999999999,0.019399999999999973,0.02100000000000002,-0.0015999999999999348,11.480000000000004,-2.7199999999999704,3.513999999999996,0.010600000000000054,1
-0.6153846153846168,-0.46153846153846156,0.461538461538467,1.0769230769230766,-0.07899999999999996,-0.037769230769230666,-0.02838461538461534,-12.807692307692307,1.8307692307692065,-0.3076923076923066,-0.07692307692307687,0.6000000000000014,-0.19999999999999996,7.800000000000004,-1.8000000000000007,-0.10099999999999992,-0.11779999999999996,-0.07679999999999987,-11.559999999999988,-8.080000000000027,-2.799999999999997,-0.11780000000000002,0
1.8461538461538467,0.0,-7.846153846153847,-1.6923076923076916,0.041384615384615464,0.1096153846153845,-0.08461538461538454,-1.4384615384615387,-1.8846153846153726,-2.5838461538461672,0.03507692307692312,3.1999999999999993,0.0,-13.600000000000001,0.1999999999999993,0.07380000000000003,0.17200000000000004,-0.016599999999999837,-0.29999999999999716,-0.7199999999999989,-3.0179999999999865,0.08639999999999992,0
-5.923076923076923,-0.3076923076923077,-4.692307692307686,0.8461538461538467,-0.017153846153846186,-0.034076923076923005,-0.0076153846153846905,-6.115384615384627,0.5230769230769141,-2.912307692307678,-0.028692307692307684,-8.599999999999998,-0.6,-6.0,1.8000000000000007,0.007800000000000029,-0.05059999999999998,0.0043999999999999595,-7.720000000000013,-1.5600000000000165,-3.0720000000000027,-0.021399999999999975,1
1.3846153846153868,0.0,-5.7692307692307665,1.3076923076923084,-0.0023076923076923994,-0.03284615384615386,0.04261538461538461,-5.34615384615384,-3.830769230769235,1.7269230769230859,0.00930769230769235,-0.5999999999999979,0.0,-6.0,3.799999999999999,0.023400000000000032,-0.030799999999999994,0.03259999999999985,-3.9200000000000017,-3.8999999999999915,3.789999999999992,0.02740000000000009,0
-2.9230769230769234,0.15384615384615385,-2.3076923076923066,-0.8461538461538467,-0.003923076923076918,0.02276923076923071,0.026153846153846083,-0.29999999999999716,-8.469230769230762,-1.4507692307692253,0.008615384615384691,-5.400000000000002,0.2,-0.5999999999999943,-1.0,-0.028000000000000025,-0.0011999999999999234,0.03379999999999994,-1.2999999999999972,-11.480000000000004,-2.6720000000000113,-0.0129999999999999,1
-0.07692307692307665,-0.38461538461538464,-4.2307692307692335,-1.0769230769230766,-0.023846153846153795,-0.0265384615384614,-0.027307692307692255,-9.15384615384616,12.40000000000002,0.7307692307692264,-0.04076923076923089,2.0,-0.39999999999999997,-8.399999999999999,-1.4000000000000004,0.007200000000000095,0.015599999999999947,-0.00880000000000003,-6.220000000000027,14.980000000000018,-2.0,-0.009400000000000075,1
1.0769230769230766,0.0,1.53846153846154,3.9230769230769234,0.018615384615384645,0.003384615384615375,-0.0009230769230768043,-1.7769230769230688,-5.492307692307691,5.355384615384608,0.027153846153846084,-1.8000000000000007,-0.4,4.399999999999999,3.8000000000000007,-0.05339999999999995,-0.07059999999999994,-0.06019999999999992,-13.920000000000002,-13.060000000000002,5.724000000000004,-0.06219999999999992,1
-4.76923076923077,-0.6923076923076923,0.0769230769230731,2.4615384615384617,-0.046999999999999986,-0.020076923076923103,0.053230769230769304,-5.261538461538464,11.707692307692326,-1.035384615384615,-0.027307692307692366,-4.800000000000001,-0.8,0.0,0.1999999999999993,-0.05059999999999998,-0.06020000000000003,0.05020000000000002,-2.4399999999999835,18.76000000000002,-0.8080000000000069,-0.041000000000000036,1
-5.5384615384615365,-0.15384615384615385,-2.53846153846154,-0.4615384615384617,-0.0328461538461538,-0.04123076923076929,-0.011923076923076814,-5.392307692307696,-3.5076923076922952,-3.296923076923079,-0.04007692307692301,-4.400000000000002,0.0,0.19999999999999574,-0.3999999999999986,0.02000000000000013,0.04980000000000001,0.023199999999999887,1.9399999999999835,-14.16000000000001,-6.3999999999999915,0.01760000000000006,1
4.076923076923077,-0.07692307692307687,1.0,-1.384615384615385,-0.029384615384615342,-0.002999999999999947,0.06238461538461526,-2.9538461538461434,0.3846153846153868,4.242307692307705,-0.02315384615384619,5.199999999999999,0.4,8.399999999999999,-2.799999999999999,-0.04720000000000002,-0.07379999999999998,-0.0041999999999999815,-4.97999999999999,-13.960000000000008,4.0,-0.061000000000000054,0
2.53846153846154,0.0,-0.5384615384615401,-0.23076923076922995,0.04653846153846153,0.08669230769230768,-0.05546153846153845,-0.15384615384613198,-1.5769230769230802,2.372307692307686,0.028307692307692367,3.3999999999999986,-0.2,-1.3999999999999986,-0.5999999999999996,0.04260000000000003,0.053600000000000037,-0.01979999999999993,-0.8999999999999773,0.20000000000001705,2.5519999999999925,0.031399999999999983,1
2.76923076923077,0.23076923076923078,0.2307692307692335,1.1538461538461533,-0.014153846153846072,0.015461538461538527,0.020769230769230873,1.9000000000000057,-5.81538461538463,-0.320769230769244,0.02015384615384619,1.0,0.0,-0.3999999999999986,3.0,-0.015199999999999991,0.022200000000000053,0.009399999999999853,-1.579999999999984,-2.6000000000000085,-2.633999999999986,0.014399999999999968,1
-4.76923076923077,-0.07692307692307698,-0.9230769230769269,2.7692307692307683,-0.033769230769230774,-0.010769230769230809,-0.013307692307692354,-7.269230769230788,-5.384615384615387,-1.5,-0.03430769230769237,-8.399999999999999,0.0,3.6000000000000014,1.799999999999999,-0.06899999999999995,-0.0378,-0.06820000000000004,-15.800000000000026,-11.100000000000023,0.20000000000000284,-0.07820000000000005,0
-0.76923076923077,-0.07692307692307693,-6.846153846153847,-1.8461538461538467,0.016461538461538472,0.03069230769230763,0.08699999999999986,6.630769230769218,10.39230769230771,-4.91769230769232,0.03753846153846152,-1.1999999999999993,0.0,-7.0,-0.6000000000000014,0.03500000000000003,0.0038000000000000256,0.013599999999999834,5.139999999999986,10.200000000000003,-1.0999999999999943,0.035800000000000054,0
4.5384615384615365,-0.5384615384615384,-5.07692307692308,1.76923076923077,-0.030076923076923057,-0.08461538461538459,0.0196153846153847,-9.93076923076923,10.723076923076917,5.29307692307691,-0.015615384615384587,8.2,-0.6000000000000001,-6.600000000000001,4.0,0.037400000000000044,-0.0398,0.014000000000000012,-3.519999999999982,15.5,10.090000000000003,0.04999999999999993,0
2.3846153846153832,0.07692307692307698,1.0,2.2307692307692317,0.0028461538461539426,-0.01923076923076933,0.0010000000000000009,-2.084615384615404,-3.5,5.980769230769241,0.009000000000000008,1.1999999999999993,-0.19999999999999996,0.0,1.5999999999999996,-0.029400000000000037,-0.05179999999999996,0.044399999999999995,-10.100000000000009,-6.420000000000002,4.599999999999994,-0.0344000000000001,0
-1.2307692307692335,-0.07692307692307687,0.3846153846153868,0.07692307692307665,0.00046153846153840217,0.030538461538461514,0.008538461538461606,5.684615384615398,5.369230769230768,0.26461538461538225,0.014076923076923098,-2.3999999999999986,0.0,-3.6000000000000014,-1.1999999999999993,0.030399999999999983,0.02639999999999998,-0.02399999999999991,6.8999999999999915,7.960000000000008,-1.1119999999999948,0.03639999999999999,1
-6.2307692307692335,-0.23076923076923073,4.38461538461538,0.8461538461538467,-0.036769230769230776,-0.034923076923076835,0.033769230769230885,-4.292307692307702,1.9769230769230717,-1.018461538461537,-0.04330769230769238,-5.400000000000002,-0.19999999999999996,3.799999999999997,4.199999999999999,-0.04239999999999999,-0.04980000000000001,0.1502,-7.740000000000009,-0.19999999999997442,0.25200000000000955,-0.03320000000000001,0
-2.6923076923076934,-0.6153846153846154,4.53846153846154,3.5384615384615383,-0.05061538461538462,-0.07884615384615384,-0.057769230769230684,-6.507692307692309,16.638461538461527,0.6484615384615466,-0.06007692307692303,-3.1999999999999993,-0.6,12.199999999999996,4.600000000000001,-0.08560000000000001,-0.0948,-0.0905999999999999,-10.079999999999998,11.859999999999985,-0.7999999999999972,-0.09420000000000006,0
-0.1538461538461533,0.0,1.6923076923076863,0.23076923076923173,-0.0007692307692308553,0.0173846153846155,-0.06915384615384612,-0.49230769230770477,-4.546153846153857,0.5476923076922873,-0.0022307692307691473,0.40000000000000213,-0.4,0.0,3.4000000000000004,-0.020400000000000085,0.006999999999999951,-0.10920000000000007,-7.560000000000002,-3.1200000000000045,-0.5759999999999934,-0.024600000000000066,1
-3.23076923076923,-0.15384615384615385,-7.92307692307692,-0.1538461538461533,0.023230769230769166,0.014769230769230701,-0.028538461538461513,-3.346153846153868,6.9769230769230575,2.1115384615384443,0.005384615384615321,-6.600000000000001,-0.4,-9.799999999999997,0.20000000000000107,-0.0024000000000001243,-0.032799999999999996,0.007799999999999918,-8.740000000000009,10.139999999999986,1.5900000000000034,-0.019199999999999995,0
2.3076923076923066,0.6923076923076923,-3.384615384615387,0.1538461538461533,0.057999999999999885,0.03869230769230764,0.009692307692307667,9.753846153846169,-3.476923076923086,-1.0515384615384704,0.07507692307692304,1.8000000000000007,0.8,-6.0,1.3999999999999986,0.08839999999999992,0.07640000000000002,0.03499999999999992,14.83999999999999,-1.7999999999999972,-1.8340000000000032,0.11319999999999997,1
-6.07692307692308,0.15384615384615385,3.6923076923076863,1.0769230769230766,0.017461538461538473,-0.012384615384615327,-0.04630769230769227,2.238461538461536,-0.9076923076923151,0.2438461538461496,0.0007692307692307443,-7.800000000000001,-0.20000000000000007,1.2000000000000028,4.399999999999999,0.03059999999999996,0.04720000000000002,0.008599999999999941,3.859999999999985,3.200000000000003,0.9140000000000015,0.031000000000000028,1
-3.76923076923077,-0.30769230769230765,-2.46153846153846,1.3846153846153832,-0.0306153846153846,-0.029230769230769282,0.017846153846153956,-10.615384615384613,2.2769230769230546,-0.2115384615384528,-0.03753846153846163,-4.399999999999999,0.0,-2.200000000000003,-0.40000000000000036,-0.0012000000000000344,-0.022799999999999987,-0.045399999999999996,-5.960000000000022,-10.079999999999998,0.09999999999999432,-0.015199999999999991,0
-2.1538461538461533,-0.23076923076923078,1.6923076923076934,2.5384615384615365,-0.02269230769230768,-0.05576923076923074,0.018153846153846076,-5.515384615384619,7.038461538461533,3.523076923076914,-0.030307692307692258,-1.0,0.0,1.2000000000000028,2.0,-0.011199999999999988,-0.02080000000000004,0.009399999999999964,-3.5600000000000023,3.240000000000009,4.908000000000001,-0.024800000000000155,1
0.30769230769231015,0.0,-5.230769230769226,-0.3076923076923084,-0.008461538461538465,0.019230769230769218,-0.07799999999999996,-1.9461538461538481,-0.21538461538462172,-2.1615384615384556,0.0010769230769230864,0.0,-0.2,-0.8000000000000043,3.0,-0.0008000000000000229,0.04139999999999999,-0.10399999999999998,-4.420000000000002,-2.319999999999979,-1.9039999999999964,0.0036000000000001586,1
7.0,0.5384615384615384,7.0,-0.615384615384615,0.004769230769230803,0.01207692307692304,-0.03807692307692312,1.7461538461538737,-9.376923076923049,8.670769230769224,-0.00946153846153841,5.400000000000002,0.6000000000000001,10.799999999999997,-0.1999999999999993,-0.0034000000000000696,-0.011800000000000033,-0.10339999999999994,1.4210854715202004e-14,-14.280000000000001,7.299999999999997,-0.023399999999999976,1
-2.5384615384615365,0.3846153846153846,-1.6923076923076863,-1.2307692307692317,0.01092307692307698,-0.011615384615384694,0.07507692307692315,8.42307692307692,-5.984615384615381,-5.177692307692297,0.01876923076923076,1.8000000000000007,0.6000000000000001,1.3999999999999986,-2.799999999999999,0.03440000000000004,0.06140000000000001,0.10060000000000002,18.74000000000001,-7.719999999999999,-3.4000000000000057,0.03939999999999999,1
5.0,0.46153846153846156,-0.1538461538461533,-1.9230769230769234,0.06407692307692309,0.08538461538461545,0.07384615384615378,17.546153846153857,3.9538461538461434,-2.4200000000000017,0.08099999999999996,6.0,0.19999999999999996,-1.5999999999999943,1.5999999999999996,0.08899999999999997,0.10659999999999997,-0.0129999999999999,20.5,11.899999999999991,-3.6999999999999886,0.11039999999999994,0
5.0,-0.5384615384615384,-5.2307692307692335,2.3846153846153832,-0.02392307692307699,-0.0738461538461539,0.025923076923076938,-9.307692307692307,12.453846153846143,5.293076923076924,-0.010230769230769154,5.800000000000001,-0.6000000000000001,-4.600000000000001,3.8000000000000007,-0.000200000000000089,-0.032399999999999984,0.026599999999999957,-10.52000000000001,16.159999999999982,7.900000000000006,0.007399999999999962,1
1.9230769230769234,0.15384615384615385,-2.615384615384613,-0.5384615384615383,0.03638461538461524,-0.011307692307692352,0.02400000000000002,2.5461538461538282,3.0076923076922952,1.5,0.036769230769230776,6.0,0.6,-1.6000000000000014,-0.3999999999999986,0.0938,0.04179999999999995,0.07839999999999991,17.539999999999992,0.8800000000000239,2.5,0.10899999999999999,0
-0.6923076923076934,0.23076923076923078,3.6923076923076863,-0.6923076923076934,-0.016923076923076874,-0.02553846153846151,0.0713846153846156,1.4999999999999858,-8.623076923076937,-1.1499999999999915,-0.01030769230769224,-0.3999999999999986,0.0,4.199999999999996,1.4000000000000004,-0.027000000000000024,-0.0504,0.12880000000000003,-3.6799999999999926,-4.700000000000003,-0.06999999999997897,-0.013799999999999923,1
5.23076923076923,0.46153846153846156,-4.53846153846154,-2.5384615384615383,0.043230769230769295,0.018846153846153846,-0.0017692307692308562,2.238461538461536,-9.33846153846153,-3.1438461538461695,0.022538461538461618,4.199999999999999,0.19999999999999996,-3.799999999999997,-2.3999999999999986,0.01699999999999996,-0.006000000000000005,-0.00019999999999997797,-2.0400000000000063,-6.740000000000009,-4.2960000000000065,-0.018999999999999906,1
-2.9230769230769234,-0.15384615384615385,-1.1538461538461604,-1.9230769230769234,-0.013076923076923153,0.0009230769230768598,-0.02892307692307705,-1.5230769230769283,3.207692307692298,-3.5,-0.012538461538461498,-2.8000000000000007,-0.20000000000000007,-2.200000000000003,-2.6000000000000014,-0.012799999999999978,-0.007999999999999952,-0.060800000000000076,-0.5400000000000063,10.179999999999993,0.20000000000000284,-0.012199999999999989,1
-3.0,-0.5384615384615385,-1.6923076923076934,-0.3076923076923084,-0.022461538461538366,-0.04023076923076918,0.00930769230769235,-6.953846153846143,8.923076923076948,-0.07307692307691127,-0.04307692307692301,-1.6000000000000014,-0.2,4.800000000000004,-3.1999999999999993,-0.007199999999999984,-0.03360000000000002,0.04579999999999995,0.060000000000002274,6.040000000000006,1.5100000000000051,-0.02980000000000005,0
-2.9230769230769234,0.15384615384615385,-5.2307692307692335,-0.15384615384615508,0.04546153846153839,0.013076923076923042,0.07369230769230761,7.746153846153845,2.930769230769215,0.025384615384609788,0.05515384615384622,-6.800000000000001,-0.20000000000000007,-7.399999999999999,-4.200000000000001,-0.0007999999999999674,-0.03160000000000002,0.03200000000000003,6.1200000000000045,8.639999999999986,1.2659999999999911,0.01440000000000008,1
0.1538461538461533,-0.46153846153846156,0.3076923076923066,2.615384615384615,-0.05638461538461542,-0.04553846153846147,-0.02538461538461534,-7.653846153846146,9.0,-1.2307692307692264,-0.0472307692307693,-0.3999999999999986,-0.6,7.600000000000001,2.6000000000000014,-0.08480000000000004,-0.11259999999999998,0.014000000000000012,-9.799999999999997,4.920000000000016,-3.1000000000000085,-0.08839999999999992,0
3.1538461538461533,0.30769230769230765,-2.46153846153846,-3.0,0.021076923076923104,0.02700000000000008,-0.005461538461538296,3.607692307692318,-5.584615384615375,-1.0138461538461598,0.02061538461538459,6.199999999999999,0.2,-2.3999999999999986,-3.0,0.044600000000000084,0.04299999999999998,0.08419999999999983,11.319999999999993,1.1600000000000108,-1.6000000000000085,0.0381999999999999,0
-6.53846153846154,-0.4615384615384615,-2.7692307692307665,1.1538461538461533,-0.07407692307692304,-0.090076923076923,-0.03861538461538472,-17.84615384615384,-0.3000000000000256,2.07692307692308,-0.08623076923076922,-9.600000000000001,0.0,-2.3999999999999986,0.40000000000000036,-0.03699999999999998,-0.08379999999999999,-0.11940000000000006,-19.419999999999987,-19.52000000000001,2.299999999999997,-0.06799999999999995,0
-0.6923076923076934,0.07692307692307698,0.9230769230769198,0.0,-0.004923076923076919,-0.017000000000000015,-0.009615384615384581,0.7846153846153641,-4.800000000000011,0.11923076923076792,-0.005615384615384578,5.800000000000001,0.20000000000000007,0.3999999999999986,1.799999999999999,0.0378,-0.019799999999999984,-0.029200000000000004,5.219999999999985,-5.400000000000006,4.299999999999997,0.019199999999999995,0
10.23076923076923,0.5384615384615384,0.3076923076923066,0.4615384615384599,0.03246153846153843,0.04461538461538461,-0.08061538461538464,2.015384615384619,-10.015384615384619,3.723076923076931,0.023615384615384705,9.999999999999996,0.6,2.200000000000003,0.0,0.008799999999999919,0.0348,-0.14500000000000013,-1.1200000000000045,-11.200000000000003,2.0859999999999985,-0.00660000000000005,0
3.23076923076923,0.4615384615384615,1.46153846153846,-1.3846153846153832,0.051923076923076905,0.0574615384615384,-0.0677692307692308,11.623076923076937,-4.823076923076897,0.5307692307692378,0.0456923076923077,3.1999999999999993,0.4,3.3999999999999986,-1.4000000000000004,0.05759999999999993,0.09579999999999994,-0.04679999999999995,13.960000000000022,-4.61999999999999,-3.603999999999999,0.05499999999999994,1
4.23076923076923,-0.07692307692307693,6.61538461538462,0.5384615384615383,0.027076923076923,0.014846153846153842,-0.008230769230769375,0.19999999999998863,1.315384615384616,9.027692307692291,0.01269230769230778,4.199999999999999,0.0,4.0,-1.1999999999999993,0.0408,0.003200000000000036,-0.03399999999999992,0.29999999999999716,-1.1400000000000148,9.699999999999989,0.022400000000000087,0
-0.6923076923076934,0.6153846153846154,9.92307692307692,0.3076923076923066,0.019384615384615278,0.04038461538461535,0.04315384615384621,13.969230769230776,-10.984615384615395,-2.9669230769230808,0.027000000000000135,-0.5999999999999979,0.19999999999999996,5.200000000000003,2.1999999999999993,-0.00720000000000004,0.028600000000000014,-0.04920000000000002,6.599999999999994,-6.640000000000001,-1.9239999999999924,0.00539999999999996,1
0.9230769230769198,-0.6153846153846154,-8.461538461538467,-1.846153846153845,-0.012769230769230755,0.07738461538461539,-0.04376923076923067,-4.407692307692301,7.16153846153847,-3.6738461538461564,0.0013846153846154285,4.799999999999997,-0.39999999999999997,-10.800000000000004,-5.199999999999999,0.01699999999999996,0.08239999999999992,-0.08539999999999992,1.6399999999999864,3.3799999999999955,-5.299999999999997,0.03200000000000003,1
-5.692307692307693,-0.38461538461538464,-2.0,1.53846153846154,-0.024307692307692363,-0.028384615384615286,-0.04484615384615376,-7.453846153846143,0.8000000000000256,-3.753076923076918,-0.02453846153846162,-4.199999999999999,-0.4,-7.200000000000003,-3.0,-0.03260000000000002,0.011400000000000077,0.02199999999999991,-3.4399999999999835,4.280000000000001,-5.8999999999999915,-0.03400000000000014,1
-1.46153846153846,0.0,1.6923076923076934,-0.1538461538461533,0.016538461538461502,0.003615384615384576,0.008846153846153837,0.5384615384615188,2.1692307692307793,0.05307692307692946,-0.0006923076923077698,-3.1999999999999993,0.0,0.8000000000000043,2.200000000000001,0.0034000000000000696,-0.014600000000000002,0.019999999999999907,-6.239999999999981,-0.37999999999999545,4.88600000000001,-0.010199999999999876,1
0.38461538461538325,-0.5384615384615384,-3.3076923076923137,4.461538461538462,-0.021461538461538476,-0.02746153846153848,-0.008384615384615324,-13.884615384615387,7.292307692307702,6.0876923076922935,-0.029076923076923222,3.8000000000000007,-0.4,3.799999999999997,3.200000000000001,-0.04500000000000004,-0.0338,-0.0816,-18.12000000000002,-7.360000000000014,7.5,-0.0656000000000001,0
-5.846153846153847,0.0,-5.692307692307693,-1.384615384615385,-0.016461538461538527,0.009769230769230752,-0.018384615384615444,-2.0692307692307566,-4.230769230769241,-7.719999999999999,-0.002615384615384686,-6.0,0.0,-4.599999999999994,1.4000000000000004,-0.02899999999999997,0.029200000000000004,-0.014000000000000012,-2.299999999999997,-5.259999999999991,-7.0,-0.0018000000000000238,0
5.076923076923077,0.0,2.53846153846154,-1.5384615384615383,-0.015307692307692244,-0.021769230769230763,-0.053153846153845996,-3.0615384615384613,-4.42307692307692,-0.22615384615384926,-0.03846153846153855,3.3999999999999986,-0.20000000000000007,6.399999999999999,2.200000000000001,-0.06600000000000006,-0.10820000000000002,-0.1412000000000001,-18.580000000000027,-10.760000000000005,-0.09600000000000364,-0.11539999999999995,0
-3.0,-0.6153846153846154,-2.3076923076923137,0.38461538461538325,-0.018461538461538474,-0.020307692307692304,0.013384615384615328,-7.3615384615384585,10.48461538461541,-0.3423076923076849,-0.037461538461538546,-2.8000000000000007,-0.39999999999999997,2.799999999999997,-1.5999999999999996,0.009800000000000086,0.007800000000000029,0.01760000000000006,0.5799999999999983,5.960000000000022,2.609999999999985,-0.015200000000000102,0
0.6153846153846132,-0.07692307692307698,4.307692307692307,-3.23076923076923,-0.014384615384615385,0.017076923076923156,-0.04046153846153855,4.5,0.16153846153845564,-3.6923076923076934,-0.020692307692307677,-1.1999999999999993,0.0,4.399999999999999,-1.5999999999999996,-0.030999999999999917,-0.04540000000000005,-0.0514,0.5,-5.700000000000003,-1.6999999999999886,-0.0371999999999999,1
-4.2307692307692335,0.0,-3.1538461538461604,-0.5384615384615383,0.00930769230769235,-0.02876923076923077,0.025076923076923108,2.207692307692298,-1.4999999999999858,-4.630769230769232,0.013461538461538525,-1.4000000000000021,0.0,0.0,-1.4000000000000004,0.010200000000000042,-0.0378,-0.0603999999999999,5.759999999999991,0.3200000000000074,0.19999999999998863,-0.0041999999999999815,1
3.23076923076923,-0.07692307692307687,-3.7692307692307736,1.615384615384615,-0.02799999999999997,-0.038461538461538436,-0.0607692307692308,-11.761538461538464,-5.830769230769249,1.9561538461538532,-0.03630769230769226,-0.6000000000000014,-0.19999999999999996,-0.6000000000000014,3.4000000000000004,-0.08139999999999997,-0.13899999999999996,-0.08579999999999988,-24.920000000000016,-11.580000000000013,4.086000000000013,-0.10839999999999994,0
0.0,-0.23076923076923073,1.0,-0.6923076923076916,-0.022923076923076935,-0.01869230769230762,-0.06707692307692292,-3.0692307692307566,-1.4461538461538623,0.5961538461538538,-0.025769230769230766,4.400000000000002,-0.6000000000000001,0.8000000000000043,1.0,-0.01799999999999996,-0.014200000000000101,0.009800000000000031,-5.599999999999994,-0.29999999999999716,0.7000000000000028,-0.016199999999999992,1
2.23076923076923,0.46153846153846156,-1.1538461538461533,1.3076923076923066,0.04469230769230775,0.03199999999999997,-0.005923076923077031,2.669230769230751,-6.930769230769215,0.3976923076922958,0.02907692307692311,-0.5999999999999979,0.0,2.799999999999997,4.4,0.013599999999999945,-0.02859999999999996,0.03159999999999996,-0.19999999999998863,1.0400000000000063,-0.5,-0.018999999999999906,1
-4.23076923076923,0.30769230769230765,0.3846153846153868,-3.384615384615385,0.01892307692307693,0.00853846153846155,-0.023538461538461508,7.699999999999989,-7.0,-5.489230769230758,0.014846153846153842,-5.0,0.20000000000000007,1.0,-1.0,0.010799999999999976,0.032799999999999996,-0.0038000000000000256,10.219999999999999,-5.3999999999999915,-9.299999999999997,0.01979999999999993,1
6.30769230769231,0.5384615384615385,1.3076923076923066,0.07692307692307665,0.05438461538461542,0.0180769230769231,-0.08900000000000019,4.146153846153851,-9.215384615384608,1.689230769230761,0.027153846153846195,7.800000000000001,0.0,3.5999999999999943,2.4000000000000004,0.02520000000000011,-0.0010000000000000564,-0.11459999999999992,-0.5599999999999881,-3.680000000000021,-0.4000000000000057,-0.005199999999999982,0
4.923076923076923,0.0,3.8461538461538467,0.6923076923076934,0.007076923076923092,0.016461538461538527,-0.017692307692307563,1.4000000000000057,-0.6307692307692179,3.912307692307678,0.012461538461538524,4.0,-0.4,-0.8000000000000043,1.799999999999999,-0.013000000000000012,-0.026000000000000023,0.0023999999999999577,-3.359999999999985,5.299999999999997,4.799999999999997,-0.00759999999999994,0
0.6153846153846132,0.07692307692307698,7.2307692307692335,-0.9230769230769234,-0.004230769230769205,0.004538461538461547,0.0265384615384614,3.4461538461538623,-2.0923076923077133,-0.6115384615384727,-0.018307692307692247,3.3999999999999986,0.4,10.0,-0.7999999999999989,0.008000000000000007,-0.0262,0.08940000000000003,6.740000000000009,-12.920000000000002,0.6000000000000085,-0.0025999999999998247,1
6.53846153846154,0.23076923076923078,6.615384615384613,0.5384615384615383,-0.011538461538461497,-0.002307692307692344,-0.08800000000000008,-2.723076923076931,-5.400000000000006,1.2800000000000011,-0.027692307692307683,6.199999999999999,0.39999999999999997,6.0,2.4000000000000004,0.02260000000000001,0.07100000000000001,-0.06159999999999988,2.039999999999978,-0.4199999999999875,-0.965999999999994,0.014399999999999857,1
2.384615384615387,-0.23076923076923073,-7.0,-0.384615384615385,0.031615384615384656,0.08292307692307693,-0.08561538461538454,1.5999999999999943,4.538461538461547,-1.7576923076923237,0.037615384615384606,3.6000000000000014,-0.19999999999999996,-4.600000000000001,-1.6000000000000014,0.042799999999999894,0.0902,-0.10860000000000003,9.16000000000001,4.719999999999999,-4.786000000000001,0.06019999999999992,0
1.2307692307692335,0.6153846153846154,-2.6923076923076934,-2.153846153846155,0.053307692307692334,0.028923076923076885,0.05400000000000016,9.369230769230768,-10.100000000000009,-0.1507692307692423,0.06023076923076931,-1.6000000000000014,0.4,-0.7999999999999972,0.40000000000000036,0.03499999999999992,-0.013400000000000023,-0.023399999999999976,1.819999999999979,-7.9399999999999835,1.9000000000000057,0.045599999999999974,1
0.38461538461538325,0.23076923076923078,-3.384615384615387,0.8461538461538467,-0.023923076923076936,-0.0035384615384614904,-0.03146153846153832,-0.8384615384615586,-2.646153846153851,-5.742307692307705,0.006307692307692236,0.1999999999999993,0.4,-2.799999999999997,5.0,-0.028799999999999992,-0.050600000000000034,-0.0676000000000001,-4.8799999999999955,-8.100000000000023,-2.529999999999987,-0.0037999999999999146,1
-7.30769230769231,-0.3846153846153846,0.6153846153846203,0.76923076923077,-0.032307692307692315,-0.030000000000000082,-0.00523076923076915,-5.884615384615387,11.284615384615378,-0.8300000000000125,-0.041230769230769404,-6.600000000000001,0.0,-0.8000000000000043,-0.40000000000000036,-0.00660000000000005,-0.033999999999999975,-0.07380000000000009,-2.4000000000000057,12.219999999999985,-2.0860000000000127,-0.02300000000000002,0
-0.07692307692307665,0.07692307692307687,1.0,-2.0,0.03507692307692317,-0.006153846153846176,-0.0316153846153846,4.81538461538463,3.6923076923077076,0.461538461538467,0.017000000000000015,-1.0,0.0,0.3999999999999986,-0.7999999999999989,0.04399999999999993,0.02300000000000002,0.0041999999999999815,9.47999999999999,9.5,3.299999999999997,0.04620000000000002,0
-1.76923076923077,0.5384615384615385,7.846153846153847,1.384615384615385,0.0027692307692308016,-0.05607692307692308,0.02976923076923066,5.269230769230759,-5.34615384615384,3.7892307692307696,-0.009000000000000119,-4.0,0.19999999999999996,8.600000000000001,4.0,-0.041200000000000125,-0.05800000000000005,0.021399999999999975,-4.240000000000009,-5.820000000000007,5.6000000000000085,-0.06420000000000003,1
4.0,0.46153846153846156,8.769230769230766,0.3076923076923084,0.013769230769230756,0.033769230769230774,0.0728461538461539,8.915384615384625,-8.984615384615381,3.2023076923076985,0.031692307692307686,5.0,0.2,4.0,1.4000000000000004,0.034000000000000086,0.07819999999999999,0.1302000000000001,8.5,-1.559999999999988,3.5760000000000076,0.06520000000000004,0
3.23076923076923,0.4615384615384615,3.07692307692308,-0.5384615384615383,0.01192307692307687,0.01938461538461539,-0.07946153846153836,4.192307692307679,-7.561538461538447,3.0053846153845996,0.00846153846153852,6.399999999999999,0.6000000000000001,-3.0,-0.40000000000000036,0.03139999999999993,0.12119999999999997,-0.07820000000000005,11.820000000000007,4.859999999999985,-0.30400000000000205,0.05399999999999994,1
0.6153846153846168,-0.38461538461538464,-4.615384615384613,0.3076923076923084,-0.025384615384615283,-0.015000000000000013,-0.04161538461538472,-10.42307692307692,4.830769230769249,3.416153846153861,-0.015538461538461501,2.8000000000000007,-0.20000000000000007,-9.400000000000006,-4.600000000000001,-0.003000000000000058,0.07360000000000005,-0.029799999999999938,-0.45999999999997954,14.719999999999999,0.20000000000000284,0.007199999999999984,1
0.9230769230769234,-0.07692307692307698,-0.538461538461533,0.0,0.016076923076923044,0.03276923076923083,-0.03261538461538449,4.707692307692312,4.846153846153868,-2.157692307692315,0.020615384615384702,2.1999999999999993,0.0,0.20000000000000284,0.0,0.025399999999999978,0.10160000000000002,0.03079999999999994,14.38000000000001,9.619999999999976,-9.599999999999994,0.06320000000000003,1
4.153846153846153,-0.07692307692307698,-2.07692307692308,3.384615384615385,-0.008153846153846234,-0.05215384615384616,-0.02807692307692322,-12.261538461538436,-4.484615384615381,4.11999999999999,-0.03584615384615386,5.0,-0.6000000000000001,1.1999999999999957,5.199999999999999,-0.07159999999999989,-0.058599999999999985,-0.08360000000000012,-25.279999999999987,1.440000000000012,2.4039999999999964,-0.10999999999999999,0
-4.153846153846153,-0.3846153846153846,-0.2307692307692335,1.3076923076923084,-0.0792307692307691,-0.11269230769230776,0.021076923076922993,-14.66153846153847,-3.884615384615401,-1.8000000000000114,-0.08700000000000008,-5.599999999999998,0.0,1.3999999999999986,2.6000000000000014,-0.09140000000000004,-0.14339999999999997,0.008199999999999874,-20.04000000000002,-17.040000000000006,-1.5960000000000036,-0.10360000000000014,0
6.153846153846153,0.15384615384615385,0.7692307692307665,-1.0769230769230766,0.01015384615384618,0.014846153846153842,-0.007307692307692348,-2.615384615384613,-5.469230769230791,-1.9046153846153828,-0.00676923076923075,6.199999999999999,0.6000000000000001,1.6000000000000014,1.8000000000000007,0.07379999999999998,0.05479999999999996,0.010599999999999943,3.1799999999999926,-3.0400000000000063,-3.3659999999999997,0.03920000000000001,1
0.6923076923076934,-0.23076923076923078,1.6923076923076934,-0.07692307692307665,0.02269230769230768,0.0016923076923076041,-0.05161538461538473,-0.0538461538461803,6.92307692307692,4.489230769230758,0.008384615384615435,-1.8000000000000007,-0.4,-1.2000000000000028,2.200000000000001,0.03939999999999999,0.010000000000000009,-0.07179999999999997,-0.9800000000000182,6.200000000000003,6.700000000000003,0.02939999999999987,0
0.76923076923077,-0.15384615384615385,4.0,0.0,-0.05061538461538456,-0.03146153846153843,0.015538461538461501,-9.192307692307693,-6.446153846153848,0.9761538461538493,-0.05815384615384611,3.200000000000003,0.20000000000000007,7.0,0.40000000000000036,-0.04540000000000005,-0.0958,-0.01319999999999999,-11.980000000000018,-22.58,3.7860000000000014,-0.07139999999999991,0
4.5384615384615365,-0.6153846153846154,1.46153846153846,3.2307692307692317,-0.03953846153846163,-0.021538461538461562,-0.017307692307692468,-4.307692307692335,18.76923076923076,2.4892307692307583,-0.035923076923076835,4.800000000000001,-0.4,-0.19999999999999574,3.1999999999999993,-0.051000000000000045,-0.005799999999999972,0.014599999999999835,-3.700000000000003,12.5,0.20000000000000284,-0.042199999999999904,0
-1.8461538461538431,0.07692307692307693,0.8461538461538467,0.8461538461538467,0.009076923076923149,0.02261538461538465,0.06761538461538452,5.5,-0.576923076923066,0.10615384615385892,0.03569230769230769,0.20000000000000284,0.39999999999999997,1.3999999999999986,0.8000000000000007,0.04219999999999996,0.04920000000000013,0.08899999999999997,8.259999999999991,-4.6000000000000085,-0.7999999999999972,0.06900000000000006,1
2.846153846153843,0.07692307692307687,2.076923076923073,-0.6923076923076916,-0.003000000000000058,0.011461538461538467,0.02876923076923077,0.8769230769230631,-0.21538461538462172,0.892307692307682,0.011769230769230754,6.200000000000003,0.6,0.20000000000000284,0.8000000000000007,0.03939999999999999,0.1084,0.12380000000000002,10.399999999999977,0.45999999999999375,-0.5040000000000049,0.08079999999999998,0
-1.23076923076923,-0.5384615384615385,-1.0,0.7692307692307683,-0.012999999999999956,-0.005769230769230749,-0.015769230769230647,-6.8615384615384585,3.3923076923076962,1.434615384615384,-0.03030769230769237,0.1999999999999993,-0.6,2.6000000000000014,0.5999999999999996,-0.010799999999999976,0.028799999999999992,0.028200000000000003,-8.579999999999998,-1.5600000000000165,-0.20399999999999352,-0.024399999999999977,0
1.23076923076923,-0.15384615384615385,-3.0,2.153846153846155,-0.006307692307692292,-0.002923076923076917,-0.02030769230769236,-5.400000000000006,5.253846153846155,3.4269230769230745,-0.008384615384615435,-1.0,-0.2,-7.0,3.799999999999999,0.00720000000000004,0.02119999999999994,-0.007200000000000095,-6.0600000000000165,6.38000000000001,-0.5900000000000034,0.0041999999999999815,1
-3.3076923076923066,0.07692307692307687,-4.0,-0.8461538461538467,0.003769230769230747,0.015000000000000013,-0.006384615384615433,1.6615384615384556,1.7692307692307452,0.4561538461538248,0.01792307692307693,-3.0,0.20000000000000007,-0.3999999999999986,-1.4000000000000004,-0.010399999999999965,-0.017199999999999993,-0.00039999999999995595,-1.680000000000021,0.5799999999999699,-0.29999999999999716,-0.0011999999999999789,0
4.4615384615384635,0.7692307692307693,2.53846153846154,-1.3076923076923084,0.05992307692307691,0.07969230769230773,-0.03769230769230769,7.700000000000003,-15.815384615384602,4.269230769230774,0.0612307692307692,4.0,0.6000000000000001,5.799999999999997,-1.799999999999999,0.07200000000000001,0.09840000000000004,0.007000000000000006,10.66000000000001,-12.799999999999997,7.900000000000006,0.08379999999999999,1
-0.07692307692307665,0.5384615384615385,3.07692307692308,-2.3076923076923066,0.00838461538461538,0.006615384615384634,0.04592307692307673,7.81538461538463,-7.853846153846149,0.9584615384615489,0.021076923076923104,0.40000000000000213,0.6000000000000001,2.799999999999997,-1.0,0.009600000000000053,0.035800000000000054,-0.02519999999999989,5.739999999999981,-10.159999999999997,5.599999999999994,0.013199999999999878,1
-6.76923076923077,-0.15384615384615385,1.0,-0.4615384615384617,-0.02992307692307694,-0.05469230769230771,0.03469230769230769,-1.553846153846166,0.015384615384618883,-3.6507692307692423,-0.025153846153846082,-5.0,0.0,0.20000000000000284,-0.3999999999999986,-0.005599999999999938,-0.02579999999999999,-0.08339999999999981,-1.8000000000000114,-9.060000000000016,-4.609999999999999,-0.006799999999999917,1
-2.69230769230769,-0.38461538461538464,-4.07692307692308,0.6923076923076916,-0.039230769230769236,-0.013153846153846127,0.016307692307692467,-10.207692307692298,0.8461538461538254,2.0,-0.03353846153846152,-2.0,-0.6,-6.0,-0.8000000000000007,-0.06819999999999993,-0.002599999999999991,0.03760000000000008,-13.340000000000018,6.299999999999997,-0.29999999999999716,-0.05740000000000012,0
-0.5384615384615401,-0.07692307692307687,-4.692307692307693,2.384615384615385,0.0033846153846153193,0.03192307692307694,0.0020769230769229763,2.7846153846153783,2.1692307692307935,-6.115384615384613,0.03430769230769226,5.399999999999999,0.6,1.3999999999999986,3.8000000000000007,0.0344000000000001,0.0932,0.06779999999999997,12.0,-9.199999999999989,-0.7000000000000028,0.0838000000000001,0
-2.46153846153846,-0.30769230769230765,-3.923076923076927,-0.3076923076923084,0.009461538461538577,0.03946153846153849,-0.0012307692307692575,-1.5307692307692236,4.9692307692307764,-0.06153846153846132,0.029307692307692368,-3.0,0.2,-3.200000000000003,0.0,0.020000000000000018,-0.015199999999999991,0.04480000000000006,-1.319999999999979,0.6200000000000045,0.5999999999999943,0.03979999999999995,0
2.0769230769230766,-0.4615384615384615,-3.384615384615387,-2.5384615384615383,-0.0030000000000000027,-0.04269230769230764,0.012923076923076815,-4.769230769230759,7.0307692307692236,5.755384615384628,-0.005692307692307663,5.0,-0.19999999999999996,-2.8000000000000043,-6.200000000000001,-0.025599999999999956,-0.10420000000000001,0.030999999999999805,-3.5800000000000267,2.0,8.244,-0.02619999999999989,1
-0.46153846153846345,-0.3076923076923077,-1.538461538461533,-2.0769230769230766,-0.029384615384615398,0.014692307692307671,0.019153846153846188,-6.292307692307702,1.6769230769230745,-0.026923076923068834,-0.029230769230769282,0.6000000000000014,-0.20000000000000007,-0.6000000000000014,0.0,0.030599999999999905,0.014600000000000057,-0.0006000000000000449,-4.340000000000018,3.3599999999999994,1.1299999999999955,0.008599999999999941,1
2.46153846153846,0.07692307692307687,-2.2307692307692335,0.615384615384615,0.0582307692307692,0.08461538461538459,0.009615384615384581,9.769230769230788,9.161538461538484,-2.636153846153846,0.0728461538461539,1.4000000000000021,0.6,-5.400000000000006,-1.3999999999999986,0.10239999999999994,0.10280000000000006,0.02959999999999985,18.480000000000018,5.359999999999985,-2.343999999999994,0.12280000000000002,1
-4.92307692307692,0.07692307692307693,-3.6923076923076863,0.1538461538461533,0.008923076923076922,-0.02046153846153853,-0.03253846153846163,-2.4000000000000057,5.092307692307713,-0.538461538461533,-0.013384615384615328,-2.3999999999999986,0.0,-6.800000000000004,0.0,0.005599999999999938,-0.06980000000000003,-0.052200000000000024,-8.320000000000007,7.639999999999986,0.5999999999999943,-0.030000000000000027,1
5.76923076923077,-0.3076923076923077,0.7692307692307665,0.5384615384615383,-0.03292307692307689,-0.010076923076923094,-0.0033846153846152083,-6.984615384615381,5.723076923076931,4.077692307692303,-0.039307692307692266,6.399999999999999,0.0,-0.7999999999999972,0.0,0.0037999999999999146,0.03440000000000004,0.020200000000000107,-1.3800000000000239,1.40000000000002,4.1299999999999955,0.0022000000000000908,0
0.07692307692307665,0.07692307692307693,7.153846153846153,3.384615384615387,-0.02715384615384614,0.004846153846153833,0.0472307692307693,4.0307692307692236,-0.8615384615384443,2.606153846153859,0.0119999999999999,2.3999999999999986,0.2,4.800000000000004,2.5999999999999996,-0.021199999999999997,0.026000000000000023,0.1754000000000001,8.039999999999992,0.4200000000000017,3.0999999999999943,0.036599999999999966,1
-3.23076923076923,0.15384615384615385,-4.692307692307693,-1.5384615384615383,0.029000000000000026,0.05361538461538462,0.010999999999999899,13.807692307692307,9.73846153846155,-7.846153846153854,0.052538461538461534,2.0,0.39999999999999997,-3.799999999999997,-1.799999999999999,0.02059999999999995,0.08320000000000005,0.08420000000000005,21.28,3.6200000000000045,-4.700000000000003,0.06840000000000013,1
1.8461538461538467,0.3076923076923077,-1.923076923076927,-1.3076923076923066,0.06269230769230777,0.04184615384615381,-0.07238461538461527,11.607692307692318,1.292307692307702,-3.360769230769236,0.05469230769230771,3.1999999999999993,0.4,-2.799999999999997,0.8000000000000007,0.10080000000000006,0.05019999999999997,-0.11160000000000014,11.859999999999985,2.200000000000017,-0.09999999999999432,0.07919999999999994,0
6.692307692307693,-0.3076923076923077,-2.6923076923076863,1.9230769230769216,0.010769230769230753,0.005384615384615377,-0.009923076923076812,-4.292307692307716,2.4923076923076906,0.9946153846153862,-0.0005384615384615987,6.200000000000003,-0.4,-3.4000000000000057,1.0,0.022000000000000075,-0.009799999999999975,0.12060000000000015,1.0600000000000165,10.920000000000016,0.6000000000000085,0.015200000000000102,0
-1.46153846153846,0.07692307692307693,3.384615384615387,-2.3076923076923084,-0.006384615384615322,-0.008769230769230807,0.0346153846153846,4.876923076923106,-2.961538461538453,-3.119230769230768,-0.0031538461538461737,-1.3999999999999986,0.0,5.800000000000004,-1.0,-0.01940000000000003,-0.0408,0.014399999999999968,2.1000000000000085,-5.159999999999997,0.39000000000000057,-0.021400000000000086,0
-1.0,-0.3076923076923077,2.384615384615387,1.4615384615384617,-0.04984615384615387,-0.03984615384615392,-0.038000000000000145,-4.59999999999998,10.038461538461547,-3.0692307692307708,-0.05038461538461536,-2.3999999999999986,-0.20000000000000007,1.2000000000000028,2.0,-0.051000000000000045,-0.07560000000000006,-0.0596000000000001,-7.3799999999999955,12.459999999999994,-4.5,-0.05840000000000001,1
5.153846153846153,0.15384615384615385,-7.92307692307692,-2.4615384615384617,0.05507692307692302,0.05938461538461537,0.011384615384615326,8.438461538461553,7.7076923076923265,2.356923076923067,0.08000000000000007,3.0,0.6,-6.199999999999996,-6.799999999999999,0.033600000000000074,0.010999999999999954,-0.02279999999999993,6.719999999999999,-4.819999999999993,4.138000000000005,0.05620000000000003,0
-1.3846153846153832,0.0,2.384615384615387,0.6153846153846168,-0.03369230769230769,-0.014307692307692299,0.04892307692307685,-2.223076923076931,-2.5307692307692093,0.3084615384615432,-0.01846153846153853,-3.0,0.0,5.0,-3.4000000000000004,-0.08460000000000001,0.05180000000000001,0.10459999999999992,0.03999999999999204,-6.360000000000014,-1.0360000000000014,-0.035599999999999965,1
5.076923076923077,-0.15384615384615385,1.3076923076923066,2.9230769230769234,-0.030923076923076942,-0.03892307692307695,-0.059153846153846,-13.592307692307713,-5.038461538461519,1.9661538461538441,-0.06292307692307697,3.8000000000000007,-0.19999999999999996,1.7999999999999972,3.0,-0.02859999999999996,-0.04200000000000004,-0.1018,-14.359999999999985,-3.1599999999999966,1.0,-0.07600000000000007,0
3.1538461538461533,-0.07692307692307693,2.92307692307692,-0.615384615384615,0.016076923076923044,-0.01269230769230767,0.026923076923076827,3.6384615384615557,5.7153846153846075,2.6892307692307753,0.0007692307692308553,6.400000000000002,0.19999999999999996,1.0,0.5999999999999996,0.06319999999999992,-0.0262,0.0044000000000000705,7.920000000000002,5.3799999999999955,4.061999999999983,0.03720000000000012,1
-0.3076923076923066,0.30769230769230765,3.6923076923076934,1.23076923076923,0.030076923076923,0.01100000000000001,-0.058615384615384514,3.253846153846169,-5.253846153846155,2.235384615384632,0.014461538461538415,-2.1999999999999993,0.20000000000000007,3.0,-3.0,-0.011800000000000033,-0.04479999999999995,0.00039999999999995595,4.859999999999985,0.47999999999998977,-0.8840000000000146,-0.029200000000000004,1
4.69230769230769,0.4615384615384615,7.307692307692307,-0.07692307692307665,0.014076923076923042,0.0051538461538461755,0.025307692307692253,6.684615384615412,-12.615384615384613,-1.0669230769230609,0.012384615384615327,3.400000000000002,0.6000000000000001,2.8000000000000043,-0.20000000000000107,0.026000000000000023,0.019799999999999984,0.019199999999999995,6.340000000000018,-18.599999999999994,2.700000000000003,0.025999999999999912,0
4.692307692307693,-0.23076923076923073,4.076923076923073,-0.07692307692307665,-0.008000000000000007,0.013076923076922986,0.05092307692307696,2.184615384615398,-3.42307692307692,0.423076923076934,0.010846153846153839,5.600000000000001,0.0,5.799999999999997,0.6000000000000014,0.02100000000000002,0.0998,0.025399999999999978,12.420000000000016,-6.279999999999987,0.19999999999998863,0.058599999999999985,1
2.69230769230769,-0.23076923076923078,-2.1538461538461533,3.0769230769230766,0.0033846153846154303,0.023538461538461564,-0.0018461538461538307,-2.146153846153851,11.984615384615395,1.0115384615384642,0.014538461538461611,2.0,0.0,-0.7999999999999972,1.5999999999999996,0.02579999999999999,0.02960000000000007,0.0030000000000000027,6.419999999999973,15.259999999999991,2.2299999999999898,0.04320000000000013,0
-1.1538461538461533,-0.6153846153846154,-2.6153846153846203,1.9230769230769234,-0.03615384615384609,-0.03523076923076918,0.013615384615384585,-11.023076923076943,0.13846153846155573,-0.9615384615384528,-0.045769230769230895,-1.0,-0.6,-8.799999999999997,4.799999999999999,-0.0010000000000000009,-0.009000000000000008,-0.0014000000000000679,-9.780000000000001,-3.3999999999999773,-3.9000000000000057,-0.01200000000000001,1
3.53846153846154,0.15384615384615385,-0.6923076923076934,-0.23076923076923173,0.0036923076923076614,0.023615384615384594,0.024076923076923107,2.5846153846153896,-1.7999999999999972,-1.082307692307694,0.004076923076923089,1.1999999999999993,-0.19999999999999996,0.19999999999999574,2.6000000000000014,-0.011600000000000055,0.006400000000000017,0.045599999999999974,-1.1999999999999886,3.5999999999999943,2.299999999999997,-0.006000000000000005,0
-2.0,-0.07692307692307693,-0.6923076923076934,0.23076923076922995,-0.001230769230769202,0.014923076923076928,0.04699999999999993,2.7076923076923123,-2.3307692307692065,0.6523076923076871,0.029384615384615342,-0.6000000000000014,0.0,3.5999999999999943,0.5999999999999996,0.0024000000000000687,-0.009000000000000008,0.09600000000000009,3.200000000000003,-9.879999999999995,4.200000000000003,0.02420000000000011,1
-0.23076923076922995,0.3076923076923077,-1.1538461538461533,0.07692307692307665,0.041999999999999926,0.0476923076923077,0.004384615384615431,11.138461538461542,2.73846153846155,-6.34615384615384,0.054230769230769194,2.0,0.6000000000000001,4.199999999999996,0.8000000000000007,0.0524,0.046999999999999986,-0.017000000000000015,11.120000000000005,-1.3200000000000074,-3.0,0.056399999999999895,1
1.3076923076923066,-0.46153846153846156,-2.6923076923076934,2.153846153846155,-0.010461538461538467,-0.012846153846153896,-0.04807692307692324,-8.138461538461542,7.823076923076911,-1.1892307692307753,-0.02453846153846151,0.6000000000000014,-0.6,-4.599999999999994,0.40000000000000036,-0.020400000000000085,-0.028600000000000014,-0.02939999999999987,-4.880000000000024,13.179999999999993,-4.799999999999997,-0.029000000000000026,0
-0.6153846153846168,0.38461538461538464,5.923076923076927,-0.8461538461538467,-0.018538461538461504,-0.021384615384615446,0.005076923076922979,4.892307692307682,-4.730769230769241,2.333846153846139,-0.012230769230769267,0.7999999999999972,0.39999999999999997,11.799999999999997,-2.8000000000000007,-0.017600000000000005,-0.05199999999999999,-0.06400000000000006,6.519999999999982,-8.540000000000006,3.5999999999999943,-0.0242,1
-0.8461538461538431,-0.38461538461538464,-7.46153846153846,-2.0,-0.019923076923076932,-0.05584615384615382,-0.03907692307692301,-11.0,7.023076923076914,3.5561538461538333,-0.032076923076923114,-1.5999999999999979,-0.2,-5.399999999999999,-2.200000000000001,-0.007400000000000018,-0.050399999999999945,-0.011800000000000144,-8.079999999999984,-1.2800000000000153,5.721999999999994,-0.015799999999999925,1
1.4615384615384635,0.0,4.384615384615387,-1.9230769230769234,0.007846153846153892,-0.016615384615384643,-0.0006153846153846843,3.023076923076914,-0.5076923076922952,2.3830769230769278,-0.001000000000000112,-3.0,-0.2,5.800000000000004,-1.200000000000001,-0.027599999999999958,-0.08500000000000002,0.06879999999999997,-0.8999999999999915,0.6999999999999744,0.9999999999999858,-0.03720000000000001,1
0.23076923076922995,0.3846153846153846,1.0,-1.0,0.03823076923076929,0.03623076923076923,0.007076923076923092,14.730769230769226,4.553846153846138,-4.269230769230774,0.049461538461538446,-3.1999999999999993,0.39999999999999997,-0.7999999999999972,0.6000000000000014,0.0474,0.0504,-0.028800000000000048,11.940000000000012,0.37999999999999545,-3.700000000000003,0.06020000000000003,1
0.8461538461538467,-0.1538461538461538,1.9230769230769198,-1.1538461538461533,0.004384615384615431,0.007692307692307665,0.025846153846153963,2.7076923076923123,2.9692307692307622,1.983076923076922,0.0036923076923077724,3.8000000000000007,0.20000000000000007,2.6000000000000014,-3.1999999999999993,0.005199999999999871,0.04800000000000004,0.031000000000000028,6.760000000000019,-0.5799999999999983,3.225999999999999,0.01419999999999988,1
-1.3076923076923066,0.30769230769230765,-3.1538461538461533,-2.384615384615385,0.05323076923076919,0.05392307692307696,0.023615384615384594,11.115384615384613,-3.076923076923066,-4.614615384615405,0.056769230769230794,-3.1999999999999993,0.4,-7.0,-2.4000000000000004,0.037799999999999945,0.011000000000000065,0.03059999999999996,2.8400000000000176,-11.420000000000002,-4.397999999999982,0.03179999999999994,1
-3.69230769230769,0.15384615384615385,-5.615384615384613,-2.7692307692307683,0.030230769230769228,0.03600000000000003,0.017000000000000015,1.7230769230769312,-7.692307692307722,3.10230769230769,0.0431538461538461,-3.799999999999997,0.0,-1.1999999999999957,-3.0,0.02079999999999993,0.017799999999999983,0.019000000000000128,-1.8999999999999915,-12.560000000000002,1.8999999999999915,0.0262,1
0.1538461538461533,-0.23076923076923078,0.9230769230769198,3.23076923076923,-0.031615384615384656,0.002769230769230857,0.023538461538461508,-4.700000000000017,-2.038461538461547,-2.624615384615396,-0.011384615384615437,0.1999999999999993,0.0,0.0,4.6,-0.00040000000000006697,0.04860000000000009,0.06220000000000003,5.179999999999964,-4.239999999999981,-0.02400000000000091,0.03400000000000003,1
-0.38461538461538325,-0.30769230769230765,-0.4615384615384599,1.0000000000000018,-0.04038461538461535,-0.00038461538461531664,0.015692307692307672,-4.692307692307679,7.592307692307699,1.8592307692307486,-0.014307692307692355,-1.0,-0.4,-7.799999999999997,5.200000000000001,-0.024800000000000044,0.052999999999999936,0.0613999999999999,-4.900000000000006,18.040000000000006,3.3340000000000174,0.011199999999999877,0
-0.23076923076922995,0.07692307692307693,-1.1538461538461533,1.384615384615385,-0.01015384615384618,0.018923076923076987,0.06276923076923091,1.4307692307692292,-5.592307692307685,-1.9669230769230808,0.006538461538461604,3.599999999999998,0.0,-7.800000000000004,4.6,0.007399999999999962,0.1048,0.0534,1.7399999999999807,2.019999999999996,1.7900000000000063,0.03199999999999992,1
-2.0,0.15384615384615385,3.923076923076927,-3.0,-0.021846153846153904,-0.017230769230769327,0.052846153846153876,0.7692307692307736,2.0769230769230944,3.0530769230769295,-0.025461538461538535,-6.400000000000002,0.0,2.6000000000000014,-6.4,-0.061400000000000066,-0.017400000000000027,0.01660000000000006,4.499999999999986,14.379999999999981,0.3999999999999915,-0.04760000000000009,0
3.2307692307692335,0.0,-1.3076923076923066,0.5384615384615383,-0.004923076923076863,0.017615384615384533,0.03384615384615408,0.9923076923077048,0.7538461538461547,-0.23615384615384016,-0.002769230769230746,-1.6000000000000014,-0.6000000000000001,-2.200000000000003,3.0,-0.05700000000000005,-0.002599999999999991,0.036800000000000055,-8.079999999999998,7.160000000000011,0.8999999999999915,-0.04379999999999995,0
-0.0769230769230802,-0.07692307692307693,-0.6923076923076934,0.6923076923076916,-0.02753846153846151,-0.011538461538461553,-0.003461538461538405,-1.4307692307692434,0.9615384615384528,-1.9238461538461564,-0.010461538461538411,2.200000000000003,-0.6,-8.200000000000003,1.4000000000000004,-0.02700000000000008,0.04379999999999995,0.01759999999999995,-1.6599999999999966,14.159999999999982,-1.5719999999999743,0.007399999999999851,1
-3.3846153846153832,0.07692307692307693,1.6153846153846203,-2.5384615384615383,-0.02015384615384619,-0.03346153846153843,0.02315384615384619,-0.384615384615401,-4.792307692307702,1.7307692307692406,-0.028846153846153744,-1.8000000000000007,-0.2,3.0,-4.800000000000001,-0.04540000000000005,-0.07100000000000001,0.03620000000000001,-2.140000000000015,-1.220000000000013,1.2000000000000028,-0.05380000000000007,0
-1.6923076923076934,0.0,2.923076923076927,-2.3076923076923084,0.013692307692307726,0.019076923076923047,0.04207692307692301,5.646153846153837,1.3153846153846303,5.152307692307687,0.026076923076922998,-4.800000000000001,-0.2,4.799999999999997,-2.1999999999999993,0.00040000000000006697,0.009799999999999975,0.04360000000000008,5.660000000000011,4.319999999999979,5.199999999999989,0.01100000000000001,0
-3.76923076923077,-0.23076923076923073,2.1538461538461533,1.0769230769230766,-0.03938461538461535,-0.09299999999999997,-0.014923076923077039,-12.800000000000011,-4.546153846153857,1.069230769230785,-0.06830769230769229,-3.200000000000003,-0.4,6.400000000000006,4.600000000000001,-0.028799999999999992,-0.15300000000000008,-0.01959999999999995,-12.759999999999991,0.5200000000000102,3.4799999999999898,-0.06400000000000006,1
0.0,-0.15384615384615385,-0.1538461538461533,0.5384615384615383,-0.04292307692307695,-0.02976923076923077,-0.026923076923076716,-8.846153846153868,-1.0230769230769425,3.0076923076923094,-0.03507692307692312,-0.5999999999999979,0.0,3.799999999999997,-1.799999999999999,-0.08119999999999988,-0.06980000000000003,-0.029799999999999938,-10.579999999999998,-9.300000000000026,3.4000000000000057,-0.07940000000000003,1
-2.0,-0.07692307692307687,4.769230769230774,1.0769230769230766,-0.04523076923076935,-0.04776923076923073,-0.013076923076923208,-1.1615384615384556,9.461538461538467,-1.038461538461533,-0.04684615384615376,3.1999999999999993,0.4,8.399999999999999,1.1999999999999993,0.0035999999999999366,-0.005800000000000027,-0.118,5.340000000000003,3.780000000000001,-1.2000000000000028,0.0006000000000000449,1
-1.0769230769230766,-0.23076923076923073,-2.46153846153846,1.8461538461538467,-0.044076923076923125,-0.015461538461538527,-0.04046153846153844,-11.653846153846175,-5.315384615384616,0.038461538461532996,-0.057230769230769196,0.1999999999999993,-0.19999999999999996,-8.0,3.4000000000000004,-0.019600000000000062,0.0388,0.0786,-9.920000000000002,-3.1399999999999864,0.10000000000000853,-0.017200000000000104,1
1.3846153846153832,-0.23076923076923078,-3.461538461538467,-2.0769230769230766,-0.007076923076923036,-0.004615384615384632,-0.011615384615384472,-0.2692307692307452,9.961538461538481,3.0076923076923094,-0.003076923076923088,3.200000000000003,0.0,3.200000000000003,-1.8000000000000007,0.010999999999999954,-0.020199999999999996,-0.020399999999999974,4.040000000000006,7.599999999999994,1.4539999999999935,0.007600000000000051,0
-2.76923076923077,-0.1538461538461538,0.1538461538461533,4.384615384615385,-0.026000000000000023,0.011307692307692296,0.007153846153846177,-3.5,2.92307692307692,0.2753846153846098,0.004538461538461491,-2.3999999999999986,0.0,-5.199999999999996,4.800000000000001,-0.016000000000000125,0.007599999999999996,0.02619999999999989,-0.5200000000000102,1.9200000000000017,2.1159999999999997,0.008199999999999985,0
0.23076923076922995,-0.3846153846153846,-7.7692307692307665,-2.0,0.0029230769230769726,0.014153846153846183,-0.001461538461538625,-5.961538461538453,10.115384615384613,-0.9669230769230808,-0.0051538461538461755,-0.7999999999999972,-0.6000000000000001,-5.600000000000001,3.8000000000000007,0.008000000000000007,0.06580000000000003,0.03500000000000003,-6.200000000000003,18.460000000000008,-0.5379999999999967,0.022800000000000042,0
-2.3076923076923066,-0.30769230769230765,-6.7692307692307665,-0.8461538461538467,-0.01761538461538459,-0.052384615384615474,0.05999999999999994,-5.884615384615387,4.884615384615387,0.751538461538459,-0.00038461538461531664,-5.199999999999999,-0.2,-10.0,0.3999999999999986,-0.014600000000000002,-0.07719999999999999,0.0394000000000001,-8.73999999999998,-1.4599999999999937,-0.24600000000000932,-0.0048000000000001375,1
6.846153846153847,0.0,-2.615384615384613,1.384615384615385,0.018923076923076876,0.02138461538461539,0.011461538461538523,4.484615384615381,5.246153846153845,2.7638461538461456,0.02753846153846151,10.599999999999998,0.0,-4.0,-1.0,0.04739999999999994,0.026400000000000035,0.0052000000000000934,10.02000000000001,7.500000000000028,6.400000000000006,0.04699999999999993,0
0.5384615384615401,0.07692307692307687,2.2307692307692264,-1.9230769230769234,0.0077692307692307505,-0.032923076923076944,-0.03430769230769237,-0.2692307692307878,-2.246153846153831,2.473076923076931,-0.016000000000000014,-3.0,-0.19999999999999996,-1.0,-1.5999999999999996,0.008599999999999941,-0.08779999999999999,-0.03200000000000003,-6.3799999999999955,2.3599999999999994,0.23399999999998045,-0.026600000000000068,0
-2.46153846153846,-0.07692307692307693,2.076923076923073,-2.384615384615385,0.010769230769230809,0.007307692307692293,-0.006384615384615433,5.169230769230765,9.730769230769226,3.7292307692307674,0.02230769230769236,-4.800000000000001,-0.19999999999999996,6.399999999999999,-6.199999999999999,-0.009199999999999986,-0.046800000000000064,-0.052000000000000046,7.159999999999997,14.179999999999993,2.0,-0.020399999999999974,1
-0.4615384615384599,-0.46153846153846156,-1.1538461538461533,0.9230769230769234,-0.04292307692307701,-0.044384615384615356,-0.03176923076923066,-16.71538461538462,-4.5692307692307566,3.6153846153846274,-0.05953846153846154,1.8000000000000007,-0.6,-3.0,-0.1999999999999993,-0.04479999999999995,-0.056400000000000006,-0.009000000000000008,-13.420000000000002,2.559999999999988,2.9000000000000057,-0.059599999999999986,0
5.384615384615383,-0.1538461538461538,-3.0,1.4615384615384617,0.049538461538461476,0.012230769230769323,-0.07461538461538464,1.9538461538461576,7.376923076923063,2.73615384615384,0.036615384615384605,12.200000000000003,0.20000000000000007,-1.6000000000000014,2.0,0.0928000000000001,0.026600000000000068,-0.05940000000000012,6.180000000000021,5.019999999999982,6.299999999999997,0.06840000000000013,1
4.46153846153846,0.3076923076923077,6.2307692307692335,0.9230769230769234,0.00838461538461549,0.012307692307692242,0.02607692307692311,6.207692307692312,-0.27692307692308304,3.47461538461539,0.005923076923077031,6.800000000000001,0.19999999999999996,1.4000000000000057,-0.5999999999999979,0.007600000000000051,0.05099999999999999,-0.018200000000000105,12.540000000000006,5.900000000000006,4.300000000000011,0.0242,1
3.46153846153846,-0.07692307692307693,4.692307692307693,-1.4615384615384617,0.026615384615384596,0.020769230769230707,0.0878461538461538,4.66153846153847,2.315384615384616,4.3046153846153885,0.023461538461538534,-0.6000000000000014,0.4,8.399999999999999,-2.1999999999999993,0.01040000000000002,-0.015000000000000013,0.008600000000000052,4.719999999999999,-3.5999999999999943,4.161999999999992,0.0005999999999999339,0
4.53846153846154,-0.30769230769230765,-4.38461538461538,-1.6923076923076916,-0.0008461538461538298,0.04176923076923078,0.04800000000000004,-0.9461538461538623,13.953846153846143,2.7876923076923106,0.020692307692307566,4.199999999999999,-0.6000000000000001,-5.0,0.40000000000000036,0.012600000000000056,0.09299999999999997,0.10799999999999998,3.2399999999999807,19.459999999999994,4.4480000000000075,0.06240000000000001,1
0.3846153846153868,0.07692307692307693,4.46153846153846,1.6923076923076934,-0.031384615384615344,-0.010153846153846124,-0.07799999999999996,-3.1538461538461604,-0.6307692307692321,4.8230769230769255,-0.02823076923076917,1.5999999999999979,0.0,2.6000000000000014,0.1999999999999993,-0.016000000000000014,-0.06340000000000001,-0.08479999999999999,-1.6199999999999903,3.4799999999999898,7.040000000000006,-0.04300000000000004,0
-1.53846153846154,-0.23076923076923073,-0.9230769230769198,0.384615384615385,-0.04061538461538461,-0.013076923076922986,-0.016153846153846074,-4.692307692307693,1.9230769230769056,-1.4015384615384647,-0.03607692307692312,-0.1999999999999993,-0.2,-3.1999999999999957,0.1999999999999993,-0.04359999999999986,0.08000000000000007,-0.0026000000000000467,1.1000000000000227,8.340000000000018,-3.137999999999991,-0.01079999999999992,1
-4.4615384615384635,-0.15384615384615385,3.6923076923076934,0.4615384615384617,-0.0710769230769231,-0.11599999999999999,-0.05446153846153834,-14.538461538461519,-7.046153846153842,1.4592307692307855,-0.09776923076923072,-5.600000000000001,-0.19999999999999996,3.0,-0.5999999999999996,-0.05780000000000002,-0.10060000000000002,-0.08560000000000001,-12.320000000000007,1.4200000000000017,-2.950000000000003,-0.0848000000000001,1
2.615384615384613,-0.07692307692307693,3.8461538461538467,-2.4615384615384617,0.019461538461538475,0.016615384615384532,0.05884615384615377,3.8230769230769255,1.715384615384636,4.137692307692305,0.013384615384615328,-0.7999999999999972,0.0,2.3999999999999986,-2.0,-0.011599999999999888,0.0012000000000000344,-0.02179999999999993,-2.099999999999966,3.4399999999999835,4.861999999999995,-0.022599999999999953,0
5.2307692307692335,-0.46153846153846156,-4.692307692307693,1.5384615384615383,-0.013923076923076982,-0.03638461538461535,0.036615384615384716,-8.661538461538441,3.8461538461538396,7.033076923076919,-0.018153846153846076,5.399999999999999,-0.6,-8.799999999999997,-1.0,0.015400000000000025,-0.06260000000000004,0.033600000000000074,-2.619999999999976,5.3799999999999955,6.8999999999999915,0.009400000000000075,0
2.23076923076923,0.0,3.3846153846153797,1.1538461538461533,0.0030000000000000027,0.005846153846153723,0.015076923076923099,-0.1538461538461462,-0.12307692307692264,2.7692307692307594,-0.0017692307692307452,1.0,0.4,6.0,-0.1999999999999993,0.0040000000000000036,0.0524,0.029999999999999916,5.040000000000006,-3.0200000000000102,0.4000000000000057,0.00759999999999994,1
3.8461538461538467,0.15384615384615385,3.1538461538461533,-1.6923076923076916,0.0034615384615383493,-0.028384615384615397,0.014000000000000123,2.8923076923076962,2.1384615384615415,4.92307692307692,-0.007153846153846177,13.200000000000003,0.8,1.8000000000000043,-4.800000000000001,0.08360000000000006,0.0613999999999999,-0.04679999999999995,21.39999999999999,2.5999999999999943,6.5,0.08460000000000001,0
-2.384615384615387,0.1538461538461538,2.3076923076923137,2.9230769230769234,0.022384615384615336,0.020076923076923103,-0.05499999999999994,1.3769230769230631,-3.915384615384596,-5.7476923076923185,0.002769230769230746,-5.800000000000001,0.0,6.399999999999999,0.8000000000000007,-0.016199999999999937,-0.030200000000000005,-0.11099999999999988,-0.6400000000000006,-3.5,-10.709999999999994,-0.04039999999999999,1
1.2307692307692335,0.3076923076923077,2.1538461538461533,-3.3846153846153832,0.019000000000000017,-0.005384615384615432,-0.03199999999999992,5.723076923076931,3.692307692307679,2.488461538461536,0.008923076923077033,-1.1999999999999993,0.0,4.399999999999999,-3.1999999999999993,-0.0258000000000001,-0.06740000000000002,-0.10599999999999998,-0.4399999999999835,8.479999999999976,3.9740000000000038,-0.04359999999999997,0
-4.846153846153847,0.3846153846153846,1.8461538461538467,-1.615384615384615,0.02061538461538459,-0.007538461538461549,-0.036769230769230776,4.746153846153845,-10.369230769230768,-1.9438461538461667,0.010692307692307668,-3.8000000000000007,0.8,6.200000000000003,-2.200000000000001,0.050999999999999934,-0.029599999999999904,-0.07440000000000013,4.280000000000001,-23.679999999999993,-3.9239999999999924,0.01780000000000015,0
-0.38461538461538325,-0.23076923076923073,-4.53846153846154,1.0,0.0006923076923076588,-0.0017692307692307452,-0.042692307692307696,-6.807692307692307,6.307692307692321,-2.6138461538461684,-0.02330769230769225,-3.3999999999999986,-0.19999999999999996,-6.200000000000003,-2.3999999999999986,-0.022800000000000042,-0.006199999999999983,-0.0023999999999999577,-9.799999999999997,2.5600000000000023,-5.6000000000000085,-0.03959999999999997,1
1.3846153846153868,0.15384615384615385,-2.1538461538461533,-1.4615384615384617,0.06576923076923075,0.045615384615384724,-0.037307692307692264,5.361538461538473,-3.1076923076923038,2.0053846153846138,0.05753846153846154,0.0,0.0,-1.2000000000000028,-0.1999999999999993,0.04380000000000006,0.0014000000000000123,-0.017199999999999993,-2.4199999999999875,-1.2599999999999625,1.7000000000000028,0.020000000000000018,1
-4.692307692307693,-0.30769230769230765,-2.384615384615387,-3.0769230769230766,-0.019307692307692303,-0.0469230769230769,-0.032692307692307576,-3.6769230769230745,10.053846153846166,-1.1669230769230836,-0.029307692307692257,-4.0,-0.19999999999999996,1.3999999999999986,-6.399999999999999,-0.007000000000000006,-0.062,-0.0052000000000000934,-0.5399999999999778,8.36,-3.6000000000000085,-0.032400000000000095,1
1.0,-0.46153846153846156,1.1538461538461533,4.615384615384617,-0.04315384615384604,-0.03976923076923078,-0.04561538461538461,-13.138461538461542,2.384615384615387,5.284615384615378,-0.043538461538461415,3.799999999999997,-0.4,-3.3999999999999986,5.199999999999999,-0.02139999999999992,-0.021199999999999997,-0.053199999999999914,-6.940000000000012,9.23999999999998,1.6400000000000006,-0.026800000000000157,1
-4.23076923076923,-0.3846153846153846,-7.92307692307692,-0.76923076923077,-0.0010000000000000009,0.016846153846153844,0.1119230769230769,-1.7615384615384926,5.930769230769215,-4.733076923076936,0.0316153846153846,-6.800000000000001,0.0,-10.399999999999999,2.3999999999999986,0.021200000000000052,0.10679999999999995,0.16660000000000008,2.2799999999999727,6.220000000000013,-7.305999999999983,0.09299999999999997,1
-2.1538461538461533,0.23076923076923073,-2.0,-0.07692307692307843,0.032538461538461516,0.02015384615384619,0.022923076923077046,9.376923076923092,6.57692307692308,-3.073846153846148,0.05592307692307685,-5.599999999999998,0.0,-3.3999999999999986,0.8000000000000007,0.0021999999999999242,-0.0968,-0.10540000000000005,-0.9399999999999835,6.3799999999999955,-3.9680000000000035,-0.008600000000000052,1
2.3076923076923066,0.1538461538461538,3.3076923076923066,-1.153846153846155,-0.022846153846153794,0.00500000000000006,0.028692307692307573,4.2846153846153925,-0.7076923076922981,1.6515384615384647,-0.015769230769230758,7.0,0.19999999999999996,-0.7999999999999972,-1.0,0.0009999999999999454,0.08939999999999998,-0.04479999999999984,11.399999999999991,8.52000000000001,2.0999999999999943,0.02399999999999991,0
-0.1538461538461533,-0.1538461538461538,4.153846153846153,-0.8461538461538467,-0.010076923076923094,-0.010153846153846124,0.0036923076923075504,-1.8230769230769255,6.476923076923072,1.3846153846153726,-0.012384615384615327,-0.6000000000000014,-0.20000000000000007,3.6000000000000014,-3.8000000000000007,-0.014199999999999935,-0.016600000000000004,0.029999999999999916,0.45999999999999375,8.620000000000005,2.6000000000000085,-0.016599999999999948,0
-1.3846153846153832,0.07692307692307687,-3.46153846153846,0.76923076923077,0.010538461538461497,0.0077692307692307505,-0.011384615384615437,-1.4230769230769198,-2.830769230769249,-1.0330769230769192,0.015615384615384698,-1.0,0.20000000000000007,-4.600000000000001,-1.0,0.020000000000000018,0.029000000000000026,0.006199999999999983,-0.060000000000002274,-11.620000000000019,-3.38600000000001,0.026600000000000068,0
-4.692307692307693,-0.3846153846153846,2.92307692307692,0.6153846153846168,-0.06192307692307697,-0.08161538461538459,-0.0229999999999998,-13.207692307692326,-3.930769230769215,2.6423076923077105,-0.08392307692307688,-4.399999999999999,0.0,3.0,-1.6000000000000014,-0.04079999999999995,-0.0524,-0.03899999999999981,-6.459999999999994,-3.660000000000011,1.725999999999999,-0.06259999999999999,1
3.5384615384615365,-0.1538461538461538,-2.07692307692308,2.9230769230769216,0.004384615384615265,0.021769230769230763,0.002615384615384686,-1.776923076923083,0.3461538461538538,-3.5530769230769295,0.0020769230769230873,3.0,-0.19999999999999996,-0.20000000000000284,1.5999999999999996,-0.00840000000000013,-0.008199999999999985,0.09160000000000001,-3.239999999999995,-5.599999999999994,-1.2379999999999995,-0.0048000000000000265,1
1.76923076923077,-0.23076923076923073,0.538461538461533,1.76923076923077,0.007307692307692404,0.001538461538461544,0.00676923076923075,-3.23846153846155,4.046153846153828,1.5500000000000114,-0.0022307692307692584,7.599999999999998,0.20000000000000007,2.799999999999997,1.4000000000000004,0.05580000000000007,0.04159999999999997,0.03260000000000007,9.419999999999973,7.3799999999999955,2.0259999999999962,0.05219999999999991,0
2.615384615384613,0.30769230769230765,7.2307692307692335,3.0,0.05107692307692302,0.05130769230769239,-0.006307692307692236,11.030769230769224,-3.5,-3.3669230769230722,0.04107692307692301,1.0,0.6,7.399999999999999,-0.40000000000000036,0.059400000000000064,0.11120000000000008,0.0026000000000000467,17.39999999999999,-5.659999999999997,-9.072000000000003,0.06400000000000006,1
-0.0769230769230802,-0.38461538461538464,-3.6923076923076934,-1.2307692307692317,-0.001307692307692232,-0.043153846153846154,0.06038461538461559,-5.6769230769230745,3.261538461538464,4.868461538461531,-0.018307692307692358,-2.400000000000002,-0.19999999999999996,-4.400000000000006,-1.0,-0.0021999999999999242,-0.08899999999999997,-0.005599999999999827,-6.579999999999998,-5.160000000000011,4.099999999999994,-0.02220000000000011,0
-6.076923076923077,0.4615384615384615,1.46153846153846,-3.4615384615384617,0.031000000000000028,0.02376923076923071,-0.012230769230769267,4.323076923076911,-11.74615384615386,-2.1099999999999994,0.028000000000000025,-10.599999999999998,0.4,4.399999999999999,-2.4000000000000004,-0.0038000000000000256,-0.025199999999999945,0.03720000000000012,-0.7800000000000153,-8.699999999999989,-7.0,-0.017799999999999927,1
-2.1538461538461533,0.38461538461538464,1.2307692307692335,-0.3076923076923066,0.01369230769230767,0.016307692307692356,-0.03730769230769215,2.4076923076922867,-6.0,0.15769230769230091,0.012769230769230866,-3.8000000000000007,0.4,6.800000000000004,-2.8000000000000007,-0.0025999999999999357,-0.06619999999999993,-0.04620000000000002,0.7599999999999909,-12.799999999999997,-2.700000000000003,-0.01880000000000004,0
-2.2307692307692335,-0.23076923076923073,0.7692307692307665,3.8461538461538467,-0.05723076923076925,-0.01192307692307687,-0.017307692307692246,-3.9923076923076906,1.9923076923077048,-0.19076923076923435,-0.022615384615384593,-1.0,0.2,-2.1999999999999957,3.0,-0.050000000000000044,-0.009599999999999942,-0.08539999999999992,-1.7399999999999807,-1.220000000000013,-5.460000000000008,-0.018200000000000105,1
5.76923076923077,0.07692307692307698,0.6153846153846203,3.384615384615385,0.05123076923076919,0.039153846153846206,-0.06638461538461549,3.8153846153846303,0.9923076923076906,2.23615384615384,0.03792307692307695,9.400000000000002,0.0,2.0,2.8000000000000007,0.049799999999999955,0.04740000000000005,-0.08579999999999999,4.000000000000028,-1.339999999999975,5.400000000000006,0.039200000000000124,0
8.23076923076923,-0.23076923076923073,0.0,1.4615384615384617,-0.018538461538461504,0.02061538461538459,0.015461538461538304,-6.376923076923106,9.461538461538467,6.63615384615386,-0.014769230769230868,10.2,-0.4,-2.3999999999999986,0.7999999999999989,-0.02240000000000003,0.015600000000000003,0.046600000000000086,-1.240000000000009,12.779999999999987,4.424000000000007,-0.00759999999999994,0
-4.23076923076923,-0.15384615384615385,-6.076923076923073,-1.0769230769230766,0.01369230769230767,0.030846153846153745,0.029846153846154078,0.8230769230769397,10.753846153846155,-2.6946153846154033,0.03399999999999992,-6.199999999999999,-0.19999999999999996,-8.399999999999999,-1.4000000000000004,0.01539999999999997,0.0031999999999999806,-0.0043999999999999595,-2.0799999999999983,10.540000000000006,-3.3999999999999915,0.01959999999999984,0
-2.3846153846153832,0.15384615384615385,-2.07692307692308,0.5384615384615383,0.00838461538461549,0.01638461538461533,0.12776923076923075,5.492307692307691,-5.184615384615384,-4.180000000000007,0.05107692307692302,-5.800000000000001,0.4,-6.0,0.40000000000000036,0.01700000000000007,0.07819999999999994,0.12159999999999993,5.719999999999999,-9.76000000000002,-6.068000000000012,0.08179999999999998,1
-1.4615384615384635,-0.07692307692307687,-0.7692307692307665,-0.5384615384615383,-0.0016923076923077152,0.03576923076923083,-0.019461538461538308,1.0846153846154039,5.776923076923069,-1.3430769230769357,0.0022307692307693694,-2.0,-0.4,2.200000000000003,-0.8000000000000007,-0.04820000000000002,0.09660000000000007,-0.03880000000000006,-0.9399999999999835,7.359999999999985,-2.2860000000000014,-0.032399999999999984,0
4.0,-0.5384615384615384,-4.846153846153847,2.6923076923076916,0.008076923076923037,0.022846153846153794,0.060615384615384627,-1.8153846153846303,9.615384615384627,3.5884615384615444,0.00846153846153852,5.0,-0.6,-5.0,4.200000000000001,0.021600000000000008,0.05839999999999995,0.04700000000000004,3.9599999999999937,14.740000000000009,6.025999999999996,0.04239999999999999,1
-2.2307692307692335,-0.3076923076923077,-5.153846153846153,1.0,0.003461538461538516,0.023076923076923106,0.023230769230769388,-0.6307692307692321,4.976923076923086,-0.5092307692307685,0.015153846153846184,0.40000000000000213,-0.4,-6.0,3.5999999999999996,0.022599999999999953,0.036599999999999966,-0.06159999999999988,-2.739999999999995,4.560000000000002,2.9000000000000057,0.024800000000000155,0
3.23076923076923,-0.07692307692307687,3.7692307692307665,-1.4615384615384617,0.0053076923076922355,0.0010769230769230864,0.0476923076923077,2.961538461538467,1.5769230769230802,2.842307692307699,0.011076923076923095,4.600000000000001,-0.20000000000000007,-3.3999999999999986,-0.8000000000000007,0.009599999999999942,0.03499999999999992,0.022800000000000042,-2.239999999999995,4.579999999999998,4.099999999999994,0.017800000000000038,1
2.3846153846153832,0.07692307692307693,0.1538461538461533,2.0769230769230766,-0.013307692307692298,0.009384615384615325,-0.052384615384615474,-3.9307692307692434,1.1615384615384556,-1.176153846153852,-0.005692307692307663,8.2,0.39999999999999997,1.7999999999999972,1.0,0.020399999999999974,0.05080000000000001,-0.04679999999999995,1.0599999999999739,1.1200000000000045,-0.7000000000000028,0.02739999999999998,1
-0.8461538461538467,0.0,2.1538461538461533,0.23076923076923173,-0.017846153846153845,-0.03807692307692301,-0.016461538461538527,-4.369230769230768,-6.407692307692301,3.576923076923066,-0.022076923076922994,-1.4000000000000021,-0.20000000000000007,2.1999999999999957,-1.0,-0.006400000000000017,-0.11619999999999997,-0.03420000000000001,-3.799999999999997,-7.719999999999985,-1.7999999999999972,-0.027799999999999936,1
-1.23076923076923,-0.15384615384615385,2.0,2.5384615384615383,-0.06500000000000006,-0.08223076923076927,-0.045384615384615246,-13.638461538461527,-6.046153846153842,-3.3630769230769033,-0.08700000000000008,-4.600000000000001,0.19999999999999996,4.0,-1.1999999999999993,-0.0776,-0.13019999999999993,-0.016199999999999992,-14.360000000000014,-14.719999999999999,-4.388000000000005,-0.10939999999999994,0
0.07692307692307665,0.07692307692307693,-5.076923076923073,1.5384615384615383,0.01615384615384624,0.04207692307692307,0.0020769230769230873,-1.1461538461538368,-6.853846153846163,-2.7692307692307736,0.02792307692307705,0.1999999999999993,0.19999999999999996,-2.0,2.5999999999999996,-0.00019999999999997797,0.035999999999999976,-0.033400000000000096,-1.5400000000000063,-8.039999999999992,-3.1999999999999886,0.012000000000000122,0
0.5384615384615365,0.30769230769230765,-0.3846153846153797,-5.076923076923078,0.05499999999999994,0.026076923076923053,0.05800000000000016,5.799999999999983,-9.800000000000011,0.8307692307692207,0.03976923076923078,0.0,0.19999999999999996,-1.6000000000000014,-5.199999999999999,0.04440000000000005,0.022800000000000042,0.12439999999999996,6.139999999999986,-0.15999999999998238,2.8999999999999915,0.03180000000000005,1
1.5384615384615365,0.0,-6.461538461538467,-0.07692307692307665,-0.0443846153846153,-0.026230769230769224,0.023461538461538423,-8.092307692307685,-8.553846153846138,1.9438461538461524,-0.013846153846153841,0.5999999999999979,0.0,-5.800000000000004,1.5999999999999996,-0.06219999999999992,-0.034999999999999976,0.052200000000000135,-13.599999999999994,-12.239999999999995,3.5720000000000027,-0.031200000000000006,0
0.3076923076923066,0.30769230769230765,1.46153846153846,2.153846153846155,0.014461538461538359,-0.023461538461538423,-0.06907692307692315,3.6999999999999886,-4.276923076923069,-2.382307692307677,0.007153846153846288,1.1999999999999993,0.0,-3.799999999999997,2.799999999999999,0.029799999999999938,-0.013600000000000001,-0.14859999999999995,-0.1599999999999966,0.7400000000000091,-4.200000000000003,0.009199999999999986,0
3.7692307692307665,-0.07692307692307687,-1.6153846153846132,1.0769230769230766,0.0856153846153847,0.01769230769230762,-0.07138461538461527,3.3769230769230916,5.469230769230762,1.6399999999999864,0.0476923076923077,3.799999999999997,-0.2,2.200000000000003,1.0,0.0865999999999999,0.045599999999999974,-0.10040000000000004,2.0200000000000102,1.059999999999988,3.6140000000000043,0.04260000000000008,0
2.0,-0.5384615384615385,-1.076923076923073,1.53846153846154,-0.03461538461538466,-0.024384615384615393,-0.08630769230769231,-15.146153846153837,7.1000000000000085,3.410769230769233,-0.06753846153846155,3.1999999999999993,-0.4,-1.0,2.4000000000000004,-0.032399999999999984,0.011199999999999988,-0.028799999999999937,-10.219999999999999,13.879999999999995,0.1280000000000001,-0.04479999999999995,0
-7.384615384615383,0.0,-3.2307692307692264,0.0,0.004076923076923089,-0.03484615384615386,0.034461538461538654,-1.338461538461516,-11.176923076923089,-7.05923076923078,0.007384615384615323,-8.8,0.6,-3.3999999999999986,-4.6,0.016400000000000026,0.03639999999999999,0.04380000000000006,9.679999999999978,-18.040000000000006,-11.600000000000009,0.04399999999999993,1
-1.5384615384615365,-0.6153846153846154,-8.846153846153847,-0.23076923076923173,-0.02523076923076928,0.0014615384615384586,0.014923076923077039,-9.607692307692304,6.053846153846152,-1.7307692307692406,-0.025615384615384595,0.1999999999999993,-0.6,-8.199999999999996,3.200000000000001,-0.01819999999999994,0.042200000000000015,-0.0766,-11.620000000000005,5.5800000000000125,3.5,-0.020600000000000174,0
-1.8461538461538467,-0.1538461538461538,5.615384615384613,-2.5384615384615383,-0.010923076923076924,-0.02084615384615396,-0.009000000000000008,-0.23846153846155005,11.607692307692304,2.423076923076934,-0.027307692307692255,0.1999999999999993,0.0,9.800000000000004,-3.799999999999999,-0.0024000000000001243,0.012200000000000044,0.034399999999999875,3.140000000000015,5.240000000000009,4.400000000000006,-0.020199999999999996,1
0.0,-0.23076923076923073,4.692307692307693,1.0,-0.04792307692307696,-0.07592307692307698,0.012230769230769045,-7.376923076923063,-3.2461538461538453,2.0615384615384755,-0.0582307692307692,2.0,0.19999999999999996,5.199999999999996,-0.1999999999999993,-0.01899999999999996,-0.019600000000000006,-0.08999999999999997,-4.320000000000007,-15.159999999999997,3.0259999999999962,-0.04239999999999999,1
-4.53846153846154,0.5384615384615385,5.07692307692308,-1.4615384615384617,0.011538461538461497,0.024307692307692308,0.0050000000000000044,6.5230769230769,-4.723076923076917,-4.961538461538467,0.0170769230769231,-5.0,0.39999999999999997,6.200000000000003,-1.0,-0.025000000000000022,0.03319999999999995,0.12419999999999998,5.019999999999996,5.02000000000001,-3.8000000000000114,-0.007800000000000029,0
2.615384615384613,0.07692307692307687,0.0769230769230731,1.4615384615384617,0.023153846153846136,0.021384615384615446,0.024076923076922996,3.438461538461553,4.207692307692312,1.6061538461538305,0.03338461538461546,3.799999999999997,0.0,5.399999999999999,1.8000000000000007,0.010200000000000042,0.0338,-0.05599999999999994,-0.3999999999999915,1.519999999999996,2.299999999999997,0.014000000000000012,1
-3.3076923076923066,0.0,-3.1538461538461533,0.3076923076923066,0.014307692307692299,-0.016461538461538416,-0.0036923076923078835,-5.000000000000014,-1.992307692307719,-1.0346153846153925,0.00676923076923075,-7.399999999999999,0.19999999999999996,-2.0,1.0,0.006599999999999884,-0.04460000000000003,-0.0045999999999999375,-11.920000000000002,-11.09999999999998,0.20000000000000284,-0.010400000000000187,1
2.0769230769230766,0.0,0.1538461538461533,-5.230769230769232,0.02292307692307688,-0.037615384615384606,0.07876923076923081,3.630769230769218,-0.5769230769230518,2.2007692307692253,0.0009230769230768043,-0.6000000000000014,-0.4,-2.799999999999997,-5.799999999999999,-0.006799999999999973,-0.03460000000000002,0.08020000000000005,5.079999999999998,8.099999999999994,2.5999999999999943,-0.010599999999999943,0
0.07692307692307665,0.30769230769230765,0.9230769230769269,-0.15384615384615508,-0.002769230769230857,0.0011538461538462275,0.030846153846153856,4.569230769230771,-5.607692307692318,-0.5261538461538606,0.009846153846153838,1.1999999999999993,0.6000000000000001,9.200000000000003,-0.1999999999999993,0.016800000000000037,0.03739999999999999,-0.010600000000000054,11.640000000000015,-13.23999999999998,0.9000000000000057,0.026000000000000023,1
3.6153846153846168,-0.15384615384615385,0.9230769230769269,3.7692307692307683,-0.041000000000000036,-0.01084615384615395,0.006230769230769262,-2.3769230769230916,4.9769230769230575,-2.4669230769230666,-0.024615384615384595,4.599999999999998,0.20000000000000007,1.2000000000000028,3.1999999999999993,-0.008000000000000007,0.0050000000000000044,0.053199999999999914,3.240000000000009,-0.6799999999999784,-0.7139999999999986,0.023799999999999932,0
-6.307692307692307,-0.07692307692307687,-5.07692307692308,-2.3846153846153832,-0.009076923076923094,-0.02746153846153837,-0.02230769230769214,-0.37692307692306315,10.315384615384616,-4.148461538461518,-0.005076923076923201,-8.0,-0.2,-8.600000000000001,-1.1999999999999993,-0.018400000000000027,-0.06519999999999998,-0.10099999999999998,-7.279999999999987,7.5,-7.785999999999987,-0.04200000000000015,1
-0.30769230769231015,-0.23076923076923078,-0.2307692307692335,0.5384615384615401,-0.002615384615384575,-0.0010769230769229754,0.06384615384615389,-1.2153846153846075,2.107692307692318,1.2407692307692315,-0.014307692307692355,1.6000000000000014,0.4,4.200000000000003,2.4000000000000004,0.0011999999999999234,0.006000000000000061,0.14479999999999982,3.8599999999999994,-5.099999999999966,3.225999999999999,0.0018000000000000238,0
4.0,0.07692307692307687,1.6153846153846132,1.23076923076923,0.04884615384615382,0.039846153846153864,-0.0316153846153846,6.576923076923066,5.5,0.6592307692307884,0.04399999999999993,7.199999999999999,0.19999999999999996,4.199999999999996,-1.799999999999999,0.011599999999999944,0.05279999999999996,0.015599999999999947,7.579999999999984,5.340000000000003,2.2139999999999986,0.024399999999999977,0
-4.384615384615383,0.07692307692307693,1.7692307692307736,-0.384615384615385,-0.04207692307692307,-0.04215384615384621,0.0032307692307692593,-7.715384615384622,-5.3615384615384585,-8.23615384615384,-0.056230769230769306,-3.1999999999999993,0.19999999999999996,6.200000000000003,-2.8000000000000007,-0.04099999999999998,-0.07839999999999997,0.1424000000000002,0.3399999999999892,0.36000000000001364,-7.013999999999996,-0.04820000000000002,1
2.23076923076923,0.23076923076923078,1.3846153846153868,-1.384615384615385,0.015461538461538415,-0.049461538461538446,0.014153846153846295,-2.869230769230768,0.7923076923076877,3.3499999999999943,-0.0028461538461539426,0.0,0.19999999999999996,3.0,0.1999999999999993,-0.015199999999999991,-0.07840000000000003,0.023399999999999976,-12.920000000000002,-5.959999999999994,3.9000000000000057,-0.0391999999999999,0
1.3846153846153832,0.3076923076923077,3.3076923076923066,-4.307692307692307,0.026769230769230767,-0.005846153846153834,0.013230769230769046,6.615384615384613,-6.176923076923089,1.5230769230769283,0.018692307692307786,-0.8000000000000007,0.0,1.7999999999999972,-3.8000000000000007,0.01319999999999999,-0.08199999999999996,0.08940000000000003,3.319999999999979,-3.1200000000000045,2.799999999999997,0.005600000000000049,0
0.6153846153846132,-0.23076923076923078,-4.153846153846153,-2.5384615384615365,-0.015692307692307672,-0.065,0.004076923076922978,-7.707692307692312,1.707692307692298,6.765384615384619,-0.02569230769230768,1.1999999999999993,-0.6000000000000001,-5.600000000000001,-1.5999999999999996,-0.030400000000000094,-0.02839999999999998,0.047799999999999954,-12.500000000000028,4.179999999999993,9.599999999999994,-0.03799999999999992,1
-1.3846153846153832,0.1538461538461538,2.07692307692308,1.6923076923076916,-0.012538461538461554,-0.03207692307692317,0.007384615384615434,-2.223076923076931,-12.269230769230774,-2.141538461538474,-0.012000000000000122,-1.4000000000000021,0.19999999999999996,3.4000000000000057,0.6000000000000014,-0.01479999999999998,-0.03199999999999997,0.01860000000000006,-3.0200000000000102,-3.9599999999999795,-0.11400000000000432,-0.015599999999999947,1
-0.3076923076923066,-0.23076923076923084,-2.2307692307692335,1.23076923076923,-0.01753846153846156,-0.004846153846153722,0.012076923076923096,-6.123076923076923,-1.1076923076922895,-1.2307692307692264,-0.006923076923077032,-0.5999999999999979,0.19999999999999996,-5.0,-3.5999999999999996,0.005800000000000083,0.06399999999999995,0.06359999999999988,9.66000000000001,-4.02000000000001,-6.099999999999994,0.05119999999999991,0
1.46153846153846,-0.07692307692307698,1.6923076923076934,-0.5384615384615383,-0.006076923076923035,0.010461538461538467,0.06276923076923069,-1.4000000000000057,3.6769230769230603,1.8399999999999892,0.003769230769230747,-0.8000000000000007,0.19999999999999996,7.600000000000001,-2.6000000000000014,-0.04079999999999995,-0.021399999999999975,-0.011800000000000033,-4.760000000000019,-6.279999999999987,0.20000000000000284,-0.04420000000000002,0
2.1538461538461533,0.3076923076923077,4.153846153846153,-1.0769230769230766,0.0016923076923077152,-0.020846153846153903,-0.034076923076923116,2.7846153846153783,-0.7461538461538453,-1.0676923076922975,-0.01030769230769224,-0.3999999999999986,0.4,5.399999999999999,-5.200000000000001,-0.026999999999999913,-0.0952,0.0011999999999999789,1.759999999999991,-5.920000000000002,-4.700000000000003,-0.04479999999999995,1
-1.9230769230769234,-0.07692307692307698,-0.3846153846153868,3.846153846153845,-0.04146153846153855,-0.04730769230769227,-0.024230769230769167,-9.43076923076923,-10.16923076923078,-1.8576923076923038,-0.039153846153846095,-2.8000000000000007,0.0,-7.399999999999999,3.200000000000001,-0.01779999999999987,-0.041999999999999926,-0.058399999999999785,-5.5,-4.3799999999999955,-3.6740000000000066,-0.017800000000000038,1
-0.07692307692307665,0.0,0.2307692307692335,0.8461538461538467,-0.012692307692307614,0.031615384615384545,-0.015461538461538415,-3.1461538461538368,-4.76153846153845,-0.33153846153845734,-0.00592307692307692,8.400000000000002,0.8,2.8000000000000043,0.8000000000000007,0.041800000000000004,0.08059999999999995,0.12460000000000004,8.0,-12.820000000000007,5.3999999999999915,0.05819999999999992,1
-0.9230769230769234,-0.15384615384615385,1.1538461538461533,1.6923076923076916,-0.0009230769230770264,0.018384615384615388,0.039307692307692155,-0.5846153846153754,6.607692307692304,-0.0669230769230893,-0.004923076923076919,-2.0,0.4,5.0,4.0,-0.002599999999999991,0.047800000000000065,0.02960000000000007,-1.539999999999992,-9.02000000000001,0.8259999999999934,-0.0042000000000000925,0
-1.0,-0.07692307692307687,-1.53846153846154,2.3076923076923084,-0.03515384615384615,-0.033999999999999975,-0.04876923076923079,-5.507692307692309,7.461538461538467,-2.7692307692307594,-0.0456923076923077,-3.3999999999999986,0.0,5.600000000000001,1.5999999999999996,-0.0408,0.0050000000000000044,-0.02740000000000009,-3.380000000000024,5.179999999999993,-2.200000000000003,-0.045399999999999996,1
0.0,-0.23076923076923078,0.4615384615384599,0.07692307692307843,-0.013538461538461555,-0.020538461538461505,-0.03892307692307695,-2.9923076923077048,6.953846153846158,2.141538461538474,-0.03553846153846152,-0.1999999999999993,-0.39999999999999997,-1.6000000000000014,2.4000000000000004,-0.03759999999999991,-0.05739999999999995,0.0013999999999999568,-14.620000000000005,4.679999999999993,2.0,-0.06500000000000006,0
-6.615384615384617,0.0,-4.0,-0.8461538461538467,0.002076923076923032,-0.025923076923076882,-0.0166153846153847,-1.607692307692318,8.553846153846138,-3.917692307692292,0.0025384615384614895,-7.199999999999999,0.0,-6.400000000000006,1.8000000000000007,0.007399999999999962,-0.006800000000000028,-0.031200000000000006,-5.679999999999978,6.8799999999999955,-5.286000000000001,0.006199999999999872,1
1.0,0.07692307692307687,-1.6153846153846132,1.0,0.010769230769230753,-0.03361538461538455,-0.036923076923076836,-0.2923076923076877,-6.953846153846172,0.07923076923077588,-0.005461538461538518,-1.6000000000000014,0.0,-5.0,4.800000000000001,0.048199999999999965,0.013000000000000067,-0.057600000000000096,-4.599999999999966,-8.860000000000014,-0.5,0.026799999999999824,1
-6.692307692307693,0.15384615384615385,-2.0,-1.0769230769230766,0.015692307692307672,0.04215384615384604,0.038000000000000034,11.438461538461524,-5.1769230769230745,-5.115384615384613,0.03738461538461535,-4.400000000000002,0.4,-4.200000000000003,-1.0,0.05759999999999993,0.06939999999999996,0.02960000000000007,20.859999999999985,-0.519999999999996,-2.4000000000000057,0.0826,1
-5.0,0.15384615384615385,3.0,-0.6923076923076916,-0.034923076923077,-0.04361538461538467,0.01930769230769247,-6.492307692307705,-7.207692307692312,-7.274615384615373,-0.04853846153846153,-4.600000000000001,0.19999999999999996,7.0,-2.0,-0.02799999999999997,-0.0952,0.16180000000000017,0.07999999999998408,0.519999999999996,-3.813999999999993,-0.037799999999999945,1
1.6923076923076934,-0.07692307692307698,3.076923076923073,1.5384615384615383,0.048692307692307646,0.058538461538461484,-0.028153846153846085,7.33846153846153,3.200000000000003,-4.213076923076926,0.038846153846153864,1.1999999999999993,0.0,-0.7999999999999972,0.6000000000000014,0.060199999999999976,-0.026400000000000035,-0.032400000000000095,5.0800000000000125,-1.8199999999999932,-4.0,0.03239999999999987,1
-2.8461538461538467,0.15384615384615385,-1.46153846153846,-2.5384615384615383,0.03161538461538449,-0.03838461538461546,0.05869230769230771,-0.6230769230769369,-10.761538461538464,3.157692307692301,0.013923076923076927,0.1999999999999993,0.4,-4.600000000000001,-1.0,0.05379999999999996,-0.055999999999999994,0.09800000000000009,0.7799999999999727,-15.579999999999998,5.200000000000003,0.03480000000000005,0
-5.615384615384617,0.07692307692307698,4.846153846153847,0.4615384615384617,-0.059692307692307656,-0.04046153846153844,0.005384615384615321,-6.838461538461544,-6.961538461538481,0.48307692307692207,-0.05638461538461548,-1.0,0.39999999999999997,3.6000000000000014,2.0,-0.007800000000000029,0.024399999999999977,-0.02939999999999987,-1.660000000000025,-9.780000000000015,2.986000000000004,-0.008799999999999919,0
-5.53846153846154,-0.07692307692307698,-5.46153846153846,-2.76923076923077,0.016461538461538472,0.009615384615384581,0.03076923076923066,2.253846153846169,1.0769230769230802,-5.68692307692308,0.021384615384615335,-5.399999999999999,0.20000000000000007,-4.199999999999996,-7.199999999999999,0.009999999999999953,0.02300000000000002,0.06440000000000001,9.920000000000002,-5.539999999999992,-6.286000000000001,0.02739999999999998,1
-5.307692307692307,0.15384615384615385,2.6923076923076934,2.8461538461538467,-0.023846153846153795,-0.017384615384615387,-0.04161538461538472,-4.353846153846135,-7.15384615384616,-1.466923076923095,-0.02692307692307694,-5.599999999999998,0.4,10.399999999999999,0.20000000000000107,-0.052800000000000014,-0.00040000000000001146,-0.09660000000000002,-4.700000000000003,-8.399999999999991,0.7000000000000028,-0.05620000000000003,1
-2.76923076923077,-0.38461538461538464,-6.2307692307692335,-0.8461538461538467,-0.01192307692307698,-0.009153846153846068,-0.023230769230769166,-6.899999999999977,3.7692307692307736,-0.6884615384615387,-0.01738461538461533,1.5999999999999979,-0.6,-9.799999999999997,0.5999999999999996,0.04020000000000007,0.05499999999999999,0.008399999999999963,0.11999999999999034,13.759999999999991,3.0999999999999943,0.03960000000000008,0
-2.30769230769231,0.0,2.1538461538461533,1.6923076923076916,0.0065384615384615485,0.018230769230769217,0.029307692307692368,1.3538461538461348,0.4230769230769056,0.4907692307692315,0.012307692307692353,-4.799999999999997,0.0,3.799999999999997,6.0,-0.028000000000000025,0.03419999999999995,0.07220000000000004,-6.799999999999969,-4.059999999999988,1.1999999999999886,-0.017400000000000082,1
3.4615384615384635,-0.3076923076923077,-4.692307692307693,3.0769230769230766,0.003846153846153777,0.013076923076923097,-0.012000000000000233,-3.0076923076922952,2.084615384615404,0.3792307692307588,-0.00015384615384617106,3.6000000000000014,-0.2,-5.200000000000003,2.8000000000000007,0.036599999999999966,0.03839999999999999,-0.01539999999999997,2.240000000000009,-1.6799999999999926,0.28599999999998715,0.02399999999999991,1
0.07692307692307665,0.15384615384615385,1.1538461538461604,-1.4615384615384617,0.010692307692307723,-0.027461538461538426,-0.07407692307692304,1.6615384615384556,-1.669230769230765,-1.548461538461524,0.00946153846153841,-3.8000000000000007,-0.20000000000000007,-1.3999999999999986,-2.8000000000000007,0.018199999999999994,-0.05020000000000002,-0.07819999999999994,-2.1799999999999926,5.279999999999973,-4.800000000000011,0.006399999999999961,1
2.0769230769230766,-0.1538461538461538,3.923076923076927,-0.8461538461538467,-0.006692307692307609,-0.010307692307692295,0.06223076923076931,-0.3846153846153868,-3.2846153846153925,4.9469230769230705,-0.021615384615384592,-2.0,-0.6,7.399999999999999,-1.5999999999999996,-0.060799999999999965,0.009800000000000031,0.027999999999999914,-1.8799999999999955,7.400000000000006,1.9000000000000057,-0.06900000000000006,0
-1.4615384615384635,-0.15384615384615385,-1.3846153846153797,0.615384615384615,-0.04676923076923073,0.015538461538461557,0.002769230769230746,-4.223076923076917,5.276923076923097,-2.372307692307686,-0.03184615384615386,-2.599999999999998,-0.2,-5.799999999999997,1.4000000000000004,-0.06259999999999988,-0.04139999999999999,0.03560000000000019,-6.800000000000026,11.120000000000033,-5.200000000000003,-0.045399999999999996,0
-0.46153846153846345,-0.07692307692307687,0.1538461538461533,1.23076923076923,0.01092307692307698,0.08499999999999996,-0.0035384615384614904,8.123076923076937,5.838461538461544,0.5784615384615392,0.043076923076923124,-2.599999999999998,-0.4,-6.0,3.8000000000000007,0.013400000000000023,0.1154,0.03079999999999994,5.280000000000001,9.600000000000009,-3.3859999999999957,0.05620000000000003,0
-3.3076923076923066,0.07692307692307687,0.0769230769230731,2.1538461538461533,0.0033846153846154303,0.008076923076923037,-0.030000000000000138,2.992307692307719,-8.369230769230768,-1.9976923076922901,-0.002461538461538404,-4.599999999999998,0.19999999999999996,-3.0,4.999999999999998,0.033999999999999975,0.057599999999999985,0.007799999999999918,5.140000000000015,-10.59999999999998,-1.0,0.040200000000000125,1
-1.3846153846153832,0.0,-2.46153846153846,-1.4615384615384617,-0.02530769230769231,0.015461538461538415,0.03707692307692312,1.4230769230769056,-2.0,-1.480000000000004,-0.0064615384615384075,1.4000000000000021,0.0,-1.3999999999999986,-1.3999999999999986,0.015199999999999991,0.006799999999999917,-0.03600000000000003,7.319999999999993,4.240000000000009,-1.6479999999999961,0.013599999999999945,1
6.4615384615384635,-0.15384615384615385,-4.384615384615387,0.6153846153846168,0.003538461538461546,0.05492307692307696,-0.038461538461538436,-0.8384615384615444,2.538461538461533,2.6300000000000097,0.02046153846153842,6.200000000000003,0.4,-1.1999999999999957,-1.8000000000000007,0.010599999999999943,0.06880000000000008,-0.07120000000000004,0.47999999999998977,-9.700000000000003,3.299999999999997,0.024799999999999933,1
-5.2307692307692335,0.23076923076923084,3.3076923076923066,-0.6923076923076916,-0.016846153846153844,-0.02146153846153842,-0.006000000000000116,2.646153846153851,-6.738461538461536,-2.3061538461538476,-0.013846153846153841,-0.7999999999999972,0.4,7.399999999999999,-0.6000000000000014,0.004200000000000037,0.0018000000000000238,0.031200000000000006,11.019999999999996,-10.179999999999993,0.4339999999999975,0.006799999999999917,0
-1.46153846153846,0.07692307692307687,-2.923076923076927,3.0769230769230766,-0.003615384615384576,0.01123076923076921,0.04661538461538439,-0.13846153846154152,-7.369230769230768,-2.8938461538461553,0.022384615384615447,-4.400000000000002,0.0,-8.800000000000004,1.0,-0.011200000000000043,-0.005400000000000016,0.050000000000000044,1.740000000000009,6.540000000000006,-6.199999999999989,0.01200000000000001,0
3.0,0.0,6.53846153846154,0.4615384615384617,-0.010153846153846124,0.013769230769230811,-0.0440769230769229,-0.9538461538461576,4.592307692307699,5.730769230769241,-0.02707692307692311,2.799999999999997,-0.6000000000000001,1.2000000000000028,2.799999999999999,-0.04520000000000007,0.018199999999999994,0.007599999999999829,-8.319999999999993,9.819999999999993,5.5,-0.04599999999999982,1
1.76923076923077,0.15384615384615385,8.07692307692308,-2.0769230769230784,-0.01938461538461539,0.006692307692307664,0.05553846153846165,2.653846153846132,-10.446153846153862,3.1538461538461604,-0.015615384615384587,-3.400000000000002,-0.4,8.399999999999999,-3.6000000000000014,-0.08240000000000003,-0.02799999999999997,0.04260000000000008,-5.260000000000005,-2.842170943040401e-14,2.1999999999999886,-0.0795999999999999,1
4.846153846153847,-0.15384615384615385,1.53846153846154,1.5384615384615383,0.006153846153846232,0.009538461538461607,-0.022307692307692473,2.238461538461536,1.1769230769230745,3.994615384615372,0.009615384615384581,5.800000000000001,-0.39999999999999997,0.4000000000000057,3.8000000000000007,0.00720000000000004,-0.0464,-0.027200000000000002,-2.319999999999979,5.939999999999998,5.0859999999999985,-0.007199999999999984,0
-6.30769230769231,0.23076923076923073,-0.2307692307692335,-3.0,0.00038461538461537215,-0.028307692307692423,0.05784615384615377,-2.2846153846153925,-17.630769230769232,0.13307692307689933,-0.008692307692307777,-4.199999999999999,0.39999999999999997,2.3999999999999986,-4.0,-0.018600000000000005,-0.026799999999999935,0.08820000000000017,-0.12000000000000455,-17.080000000000027,3.0,-0.01540000000000008,1
4.692307692307693,0.07692307692307687,2.3076923076923137,0.76923076923077,-0.003538461538461546,-0.010692307692307668,0.018461538461538418,5.330769230769221,-0.4384615384615387,2.725384615384627,0.009000000000000008,2.8000000000000007,-0.20000000000000007,-1.0,2.4000000000000004,-0.01979999999999993,-0.038000000000000034,-0.011599999999999944,-5.539999999999978,3.5,2.299999999999997,-0.010999999999999899,1
0.0,0.0,-3.2307692307692335,1.4615384615384617,-0.038153846153846094,-0.009076923076923094,-0.012461538461538524,-5.584615384615375,1.4538461538461434,5.959230769230771,-0.014076923076922987,2.0,0.0,-1.6000000000000014,0.8000000000000007,-0.03959999999999991,0.043999999999999984,0.025399999999999978,0.7200000000000273,6.97999999999999,4.3999999999999915,-0.005199999999999982,1
1.53846153846154,0.46153846153846156,5.61538461538462,1.6923076923076916,0.009076923076923094,0.06846153846153852,0.011384615384615326,11.269230769230774,-3.076923076923066,-3.2730769230769283,0.03438461538461535,-3.8000000000000007,0.4,10.0,3.6000000000000014,-0.020999999999999908,-0.014400000000000024,0.06420000000000015,5.739999999999981,-6.679999999999993,-6.6000000000000085,0.0044000000000000705,0
2.76923076923077,0.0,-4.2307692307692335,-2.615384615384615,0.03961538461538455,0.031307692307692314,0.020230769230769163,5.41538461538461,1.8230769230769113,-7.423076923076934,0.04315384615384632,3.0,0.0,-8.199999999999996,-0.3999999999999986,0.04459999999999992,0.08000000000000002,0.006800000000000139,3.1200000000000045,3.760000000000005,-6.200000000000003,0.06099999999999994,0
-3.1538461538461533,0.15384615384615385,1.6923076923076934,-2.615384615384615,-0.010615384615384582,-0.03523076923076929,-0.0626923076923076,-1.2846153846153925,-5.784615384615378,-0.1599999999999966,-0.019923076923076932,-2.400000000000002,0.0,-0.3999999999999986,-4.199999999999999,0.020200000000000107,-0.026600000000000013,0.022199999999999998,6.340000000000003,0.4199999999999875,0.5999999999999943,0.01440000000000008,1
6.076923076923077,-0.15384615384615385,-0.3076923076923066,0.3076923076923066,-0.022846153846153905,0.057769230769230795,0.013615384615384585,5.892307692307682,9.553846153846152,0.27000000000001023,0.015461538461538527,5.200000000000003,-0.4,-2.8000000000000043,1.1999999999999993,0.0036000000000000476,-0.010999999999999954,0.0005999999999999339,6.079999999999998,13.5,-1.8160000000000025,0.018799999999999928,1
-6.153846153846153,0.07692307692307687,0.0769230769230802,-1.0,0.025538461538461565,0.05553846153846159,0.021538461538461617,12.42307692307692,4.623076923076923,-1.379230769230773,0.048461538461538556,-1.8000000000000007,0.0,-1.3999999999999986,0.0,0.0388,0.1084,0.03300000000000003,18.139999999999972,10.599999999999966,-4.0,0.06699999999999995,1
3.8461538461538467,-0.07692307692307687,0.0769230769230731,1.1538461538461533,0.016615384615384643,-0.03199999999999997,-0.07299999999999995,-4.300000000000011,2.8615384615384727,0.3330769230769306,-0.010230769230769154,1.5999999999999979,-0.20000000000000007,3.3999999999999986,3.6000000000000014,-0.023799999999999932,-0.05180000000000001,-0.0666000000000001,-12.320000000000007,-1.4799999999999898,1.0419999999999874,-0.045399999999999996,0
0.3076923076923066,0.23076923076923073,2.0,-0.9230769230769234,0.006461538461538463,0.03553846153846152,0.023230769230769166,2.2538461538461547,-0.6153846153846132,-2.0623076923076837,0.014307692307692244,0.1999999999999993,0.6,0.6000000000000014,0.0,0.03119999999999995,0.07960000000000012,0.14200000000000002,7.839999999999989,-2.980000000000004,0.10000000000000853,0.058600000000000096,0
3.0,-0.07692307692307687,1.9230769230769198,2.384615384615385,-0.01976923076923076,-0.031769230769230716,-0.05784615384615377,-7.361538461538473,-6.65384615384616,3.0746153846153987,-0.03276923076923077,-1.8000000000000007,-0.39999999999999997,-5.0,3.799999999999999,-0.03180000000000005,-0.010599999999999943,-0.1217999999999998,-11.579999999999998,1.0800000000000125,-0.10599999999999454,-0.03379999999999994,0
5.384615384615383,-0.1538461538461538,2.6923076923076863,4.076923076923078,-0.0031538461538461737,0.04246153846153844,-0.07599999999999996,0.9538461538461576,6.269230769230788,0.3469230769230762,-0.0005384615384614877,2.6000000000000014,-0.39999999999999997,7.0,5.399999999999999,-0.00280000000000008,0.02400000000000002,-0.09140000000000004,-2.1799999999999926,11.820000000000007,0.001999999999995339,-0.01880000000000004,0
-4.07692307692308,0.23076923076923073,-2.538461538461533,-2.46153846153846,0.019923076923076932,0.025153846153846138,0.07492307692307709,7.238461538461536,5.015384615384619,-7.309230769230766,0.03438461538461546,-6.800000000000001,0.0,-8.0,-3.6000000000000014,0.00539999999999996,0.013199999999999934,0.08540000000000003,8.199999999999989,13.639999999999986,-9.834000000000003,0.02960000000000007,0
-1.76923076923077,0.07692307692307698,-0.1538461538461533,0.7692307692307683,-0.007153846153846122,-0.035692307692307634,-0.03384615384615364,-4.369230769230768,-9.569230769230757,-0.7307692307692264,-0.016384615384615442,-1.4000000000000021,0.39999999999999997,4.0,-0.8000000000000007,0.018400000000000027,-0.018000000000000016,-0.12339999999999995,-0.6999999999999886,-15.060000000000016,0.29999999999999716,0.0031999999999999806,1
5.0,0.3846153846153846,1.3846153846153797,0.07692307692307665,0.013384615384615328,0.018923076923076876,0.0441538461538461,9.815384615384644,-5.3615384615384585,0.8146153846153794,0.04538461538461547,8.200000000000003,0.6,2.4000000000000057,-1.0,0.027200000000000002,0.06419999999999998,0.009000000000000008,14.200000000000003,-2.440000000000012,0.7999999999999972,0.06499999999999995,1
0.1538461538461533,0.07692307692307698,-4.923076923076927,0.8461538461538467,-0.02523076923076928,-0.0033846153846153193,-0.006076923076923091,-3.799999999999997,2.646153846153851,5.190000000000012,-0.0023846153846154294,2.1999999999999993,0.20000000000000007,-4.799999999999997,0.5999999999999996,-0.024599999999999955,0.07300000000000006,0.02760000000000007,0.29999999999998295,4.3799999999999955,3.0999999999999943,0.01640000000000008,1
-0.30769230769231015,0.07692307692307687,0.6923076923076934,0.3076923076923084,0.006307692307692236,-0.059692307692307656,-0.057615384615384624,-0.09230769230767066,2.907692307692301,1.961538461538467,-0.004230769230769149,-1.1999999999999993,0.0,2.0,4.399999999999999,-0.01600000000000007,-0.10820000000000002,-0.0524,-11.859999999999985,-3.599999999999966,4.599999999999994,-0.027000000000000135,0
3.1538461538461533,-0.23076923076923073,-2.53846153846154,2.4615384615384617,0.01599999999999996,0.025923076923076938,0.061307692307692174,0.4846153846153811,6.1769230769230745,0.04461538461538339,0.018461538461538418,2.6000000000000014,-0.20000000000000007,-1.2000000000000028,1.4000000000000004,-0.007400000000000073,0.007000000000000062,-0.01319999999999999,-2.799999999999997,2.0000000000000284,-1.3999999999999915,-0.007800000000000029,1
-0.76923076923077,-0.38461538461538464,-6.230769230769226,0.15384615384615508,0.01184615384615384,0.004384615384615431,-0.031076923076923113,-2.9769230769230575,6.84615384615384,-2.0,0.013230769230769157,-1.3999999999999986,-0.39999999999999997,-6.600000000000001,-1.200000000000001,0.03959999999999997,0.02739999999999998,0.013800000000000034,-1.7999999999999972,4.899999999999977,-2.0999999999999943,0.0394000000000001,1
4.23076923076923,0.07692307692307687,5.692307692307693,0.4615384615384617,-0.0022307692307692584,-0.0462307692307693,-0.10915384615384616,-2.9307692307692292,-8.161538461538441,5.3484615384615495,-0.045923076923077066,4.0,0.20000000000000007,0.6000000000000014,2.200000000000001,0.019399999999999862,0.013000000000000123,-0.07920000000000016,-1.7999999999999972,-18.340000000000018,4.400000000000006,-0.00040000000000006697,0
-3.3846153846153832,0.0,-4.846153846153847,-1.384615384615385,0.01776923076923076,0.06499999999999995,0.0036923076923075504,8.407692307692315,7.630769230769232,-5.65384615384616,0.028846153846153855,-0.8000000000000007,0.20000000000000007,-2.3999999999999986,-2.200000000000001,0.04420000000000002,0.14559999999999995,-0.018799999999999817,19.24000000000001,9.260000000000005,-9.0,0.057599999999999985,0
5.153846153846153,0.1538461538461538,-0.461538461538467,-2.1538461538461533,-0.019000000000000072,0.03169230769230763,0.0015384615384614886,3.3076923076922924,3.200000000000017,-1.4753846153846126,0.004846153846153944,3.8000000000000007,0.0,0.0,-3.5999999999999996,-0.020000000000000018,0.00720000000000004,-0.014399999999999968,3.9199999999999875,4.219999999999999,-4.200000000000003,-0.0025999999999999357,1
3.46153846153846,-0.15384615384615385,-2.0,-0.8461538461538449,0.022538461538461563,-0.046769230769230785,0.0007692307692308553,-1.3230769230769255,7.31538461538463,4.05692307692307,0.003307692307692345,5.199999999999999,-0.2,-1.3999999999999986,-0.5999999999999996,0.0235999999999999,-0.09299999999999997,-0.09839999999999993,-5.21999999999997,10.780000000000001,4.384,-0.03179999999999994,0
1.9230769230769234,0.15384615384615385,-0.2307692307692264,-1.76923076923077,-0.006307692307692292,-0.004153846153846175,-0.010384615384615326,-0.7461538461538453,-1.0,-3.8630769230769033,-0.006076923076923091,1.0,0.2,-0.3999999999999986,-3.4000000000000004,0.0036000000000000476,0.030999999999999972,0.039000000000000035,4.160000000000011,0.2400000000000091,-4.106000000000009,0.015199999999999991,1
3.2307692307692335,-0.07692307692307693,5.46153846153846,0.6923076923076934,0.0065384615384615485,0.0007692307692307443,-0.032230769230769285,1.6538461538461604,4.546153846153857,5.227692307692294,-0.005307692307692347,6.199999999999999,0.0,10.800000000000004,1.5999999999999996,0.0039999999999998925,-0.0014000000000000679,-0.048800000000000066,-0.7400000000000091,-4.439999999999998,6.805999999999983,-0.00979999999999992,1
5.307692307692307,0.0,0.4615384615384599,-0.07692307692307665,0.003692307692307606,-0.02130769230769225,-0.022076923076923105,-4.276923076923097,-2.1769230769230745,-1.8715384615384636,-0.016538461538461613,4.199999999999999,-0.20000000000000007,-0.20000000000000284,-2.8000000000000007,-0.03320000000000001,-0.032999999999999974,-0.006599999999999939,-4.680000000000021,1.9399999999999835,-1.0660000000000025,-0.04260000000000008,1
-1.1538461538461569,0.23076923076923073,-1.2307692307692335,1.4615384615384617,0.001384615384615373,-0.029384615384615342,-0.07615384615384602,-1.6153846153846132,-5.476923076923086,-0.09999999999999432,-0.002615384615384686,2.3999999999999986,0.8,-0.19999999999999574,-3.5999999999999996,0.018600000000000005,-0.007799999999999974,-0.060800000000000076,10.420000000000016,-8.639999999999986,-0.30000000000001137,0.026799999999999935,0
1.46153846153846,-0.07692307692307687,-3.076923076923073,1.0,0.01876923076923076,0.05476923076923079,-0.057076923076923025,1.200000000000017,5.346153846153868,1.7976923076923157,0.023076923076923217,4.800000000000001,0.20000000000000007,-2.200000000000003,3.5999999999999996,0.11339999999999995,0.13480000000000003,-0.055399999999999894,17.420000000000016,11.679999999999993,3.0,0.12080000000000002,1
-2.1538461538461533,0.15384615384615385,-4.61538461538462,-3.9230769230769234,0.027384615384615396,-0.026615384615384652,0.015692307692307894,4.230769230769226,-1.9076923076923151,-2.698461538461544,0.024769230769230766,-1.0,0.19999999999999996,-6.0,-8.2,0.031000000000000028,-0.03199999999999997,0.025800000000000156,10.540000000000006,2.0400000000000063,-7.8160000000000025,0.03320000000000001,1
3.3076923076923066,-0.07692307692307687,-1.9230769230769198,-2.0769230769230766,0.004769230769230748,0.030230769230769228,0.03700000000000003,5.446153846153848,7.707692307692312,1.2461538461538595,0.018000000000000016,0.0,-0.19999999999999996,-5.199999999999996,-1.4000000000000004,-0.028800000000000103,0.019799999999999984,0.0043999999999999595,-3.9599999999999937,7.0,-2.234000000000009,-0.01660000000000006,1
-0.23076923076922995,0.23076923076923073,-0.3846153846153868,-0.4615384615384599,0.002153846153846173,0.012076923076923096,-0.014384615384615329,4.299999999999997,-8.084615384615375,-3.461538461538467,0.010230769230769265,-0.40000000000000213,0.4,1.1999999999999957,-5.999999999999998,-0.007000000000000062,0.0048000000000000265,-0.11719999999999997,6.8799999999999955,-10.860000000000014,-7.799999999999997,0.0014000000000000679,1
-1.6153846153846168,0.3076923076923077,2.07692307692308,1.1538461538461533,-0.002384615384615374,-0.013384615384615328,0.10915384615384616,5.353846153846149,-0.07692307692309441,-5.197692307692307,0.017153846153846186,0.0,0.0,-2.0,-2.200000000000001,-0.002599999999999991,-0.022199999999999998,0.1272000000000001,11.019999999999982,12.340000000000018,-6.1000000000000085,0.01639999999999986,0
-0.9230769230769234,-0.3076923076923077,-9.38461538461538,-0.384615384615385,-0.02799999999999997,-0.024923076923076992,0.045769230769230895,-10.892307692307682,8.969230769230762,4.085384615384612,-0.025307692307692364,-0.20000000000000284,-0.4,-14.799999999999997,0.0,0.00880000000000003,0.017799999999999983,0.042200000000000015,-7.679999999999993,14.820000000000007,2.3999999999999915,0.01419999999999999,1
0.6153846153846168,0.30769230769230765,1.3846153846153797,-0.07692307692307665,0.0316153846153846,0.026769230769230712,0.009230769230769154,3.907692307692315,-8.31538461538463,1.3046153846153885,0.02792307692307694,1.1999999999999993,0.39999999999999997,-0.19999999999999574,-0.20000000000000107,0.05260000000000009,0.06879999999999992,0.005799999999999916,10.559999999999988,-8.440000000000012,0.4159999999999968,0.07080000000000009,0
4.692307692307693,-0.5384615384615384,-5.615384615384613,3.5384615384615383,-0.01461538461538453,-0.00930769230769235,-0.010461538461538522,-13.507692307692295,2.976923076923086,7.0,-0.020846153846153848,8.0,-0.19999999999999996,-7.600000000000001,5.399999999999999,0.023399999999999976,0.010400000000000131,0.04060000000000008,-12.66000000000001,-3.3400000000000034,10.600000000000009,0.023400000000000087,1
5.846153846153847,0.07692307692307698,1.1538461538461533,-1.153846153846155,-0.0033846153846154303,-0.034999999999999976,-0.019153846153846188,-3.42307692307692,-1.4692307692307764,-1.9484615384615438,-0.021230769230769275,6.800000000000001,0.20000000000000007,-0.7999999999999972,-3.5999999999999996,-0.012199999999999989,-0.034599999999999964,-0.006000000000000005,-1.3799999999999955,0.6599999999999966,0.034000000000006025,-0.024399999999999866,0
-0.23076923076922995,-0.07692307692307693,6.153846153846153,0.3076923076923084,0.040076923076923066,-0.030000000000000082,-0.015769230769230758,-1.8307692307692491,3.1461538461538368,6.670000000000002,0.001307692307692343,-0.40000000000000213,0.2,5.399999999999999,2.1999999999999993,0.04420000000000002,0.0041999999999999815,0.01100000000000001,-5.5600000000000165,-6.359999999999985,8.005999999999986,0.013599999999999945,1
-0.2307692307692335,-0.23076923076923078,-0.9230769230769198,-1.0,-0.020384615384615334,0.012000000000000066,0.06561538461538463,-3.107692307692318,3.6000000000000085,-1.0507692307692196,-0.02992307692307694,-4.399999999999999,-0.39999999999999997,-4.400000000000006,-1.799999999999999,-0.028799999999999937,-0.03219999999999995,0.017000000000000015,-2.740000000000009,8.840000000000003,-3.200000000000003,-0.0514,1
-5.0,0.23076923076923073,-6.692307692307693,-0.9230769230769234,0.020384615384615334,-0.01669230769230773,0.06869230769230772,-1.9923076923077048,-0.7538461538461547,-3.7692307692307736,0.022384615384615225,-2.8000000000000007,0.0,-12.399999999999999,-0.5999999999999996,0.02200000000000002,0.0031999999999998696,0.03260000000000007,-5.8799999999999955,16.519999999999982,-2.200000000000003,0.0041999999999999815,1
2.153846153846157,-0.3076923076923077,-0.3076923076923137,1.5384615384615383,-0.006153846153846065,0.01030769230769224,0.00661538461538469,-4.400000000000006,5.161538461538484,5.84615384615384,-0.011615384615384694,1.3999999999999986,-0.6000000000000001,-2.0,5.599999999999998,0.0052000000000000934,-0.012400000000000078,-0.018200000000000105,-10.460000000000008,8.219999999999999,10.200000000000003,-0.018799999999999928,1
-6.923076923076923,-0.15384615384615385,3.1538461538461533,1.3076923076923066,-0.007153846153846066,-0.023076923076923106,-0.04715384615384621,2.269230769230788,-1.3769230769230631,-7.119230769230768,-0.021230769230769275,-7.599999999999998,-0.2,5.399999999999999,-0.8000000000000007,-0.05720000000000003,-0.09920000000000001,-0.1050000000000001,-2.4200000000000017,-1.3800000000000097,-3.0,-0.07800000000000007,1
-2.615384615384613,-0.23076923076923073,-3.923076923076927,2.0769230769230766,-0.01646153846153836,0.004692307692307718,0.05546153846153834,-5.084615384615404,2.0615384615384755,-5.259230769230783,-0.010692307692307668,-1.6000000000000014,-0.20000000000000007,-8.199999999999996,-1.200000000000001,-0.03299999999999992,-0.017000000000000015,0.08639999999999981,-4.200000000000017,2.920000000000016,-8.699999999999989,-0.019200000000000106,0
-1.8461538461538467,-0.23076923076923078,2.53846153846154,2.9230769230769234,0.0003076923076922311,-0.06561538461538452,-0.05476923076923079,-5.799999999999983,-2.799999999999983,5.253846153846155,-0.032230769230769285,2.400000000000002,-0.39999999999999997,0.8000000000000043,6.0,0.0361999999999999,-0.0484,-0.04800000000000004,-7.479999999999976,-5.2399999999999665,9.534000000000006,-0.006000000000000116,0
-1.3846153846153832,0.0,-7.076923076923073,-0.6923076923076916,0.020692307692307677,0.011692307692307669,0.024923076923076937,0.8923076923077105,3.146153846153865,0.3784615384615222,0.019076923076923213,-1.4000000000000021,0.19999999999999996,-11.0,-2.0,0.035800000000000054,-0.008000000000000007,-0.0464,6.180000000000021,12.97999999999999,0.08400000000000318,0.03159999999999996,1
-8.000000000000004,0.07692307692307693,-0.4615384615384599,1.7692307692307683,0.005230769230769261,-0.07461538461538464,0.00946153846153841,-0.6692307692307793,4.892307692307682,-6.5,-0.0036923076923076614,-5.800000000000001,-0.19999999999999996,0.20000000000000284,0.40000000000000036,-0.0006000000000000449,-0.0872,-0.0122000000000001,-0.7199999999999847,7.159999999999982,-5.5,-0.01100000000000001,1
4.923076923076923,0.0,-0.1538461538461533,-1.1538461538461533,0.012615384615384584,-0.01115384615384618,0.07938461538461539,3.0692307692307423,-0.961538461538467,0.5946153846153948,0.018153846153846076,6.0,-0.20000000000000007,-0.20000000000000284,-2.0,0.017800000000000038,-0.016199999999999992,0.01100000000000012,3.839999999999989,2.4000000000000057,-1.3000000000000114,0.007799999999999918,1
-0.6923076923076934,-0.30769230769230765,-4.769230769230774,3.1538461538461533,0.026923076923076883,0.09384615384615386,-0.04961538461538473,-2.4538461538461434,3.5076923076923094,5.257692307692295,0.03823076923076929,2.400000000000002,0.0,0.6000000000000014,4.0,0.04059999999999997,0.1936,0.008600000000000052,1.3800000000000097,-1.6400000000000148,5.456000000000003,0.06519999999999992,0
-8.692307692307693,0.07692307692307698,-0.7692307692307665,-0.76923076923077,-0.036692307692307746,-0.05246153846153856,0.02484615384615374,-3.0307692307692236,-4.738461538461522,-4.1169230769230865,-0.02992307692307683,-9.400000000000002,0.19999999999999996,3.3999999999999986,0.8000000000000007,-0.033399999999999985,-0.06980000000000003,0.027800000000000047,-1.8599999999999994,-11.720000000000013,-6.290000000000006,-0.025800000000000045,0
0.0769230769230802,0.23076923076923073,3.1538461538461533,-2.4615384615384617,0.00423076923076926,-0.005153846153846231,-0.01892307692307682,0.9692307692307907,-5.284615384615364,-1.2338461538461587,-0.00523076923076915,-2.3999999999999986,-0.2,-1.0,-3.0,-0.009999999999999842,-0.0041999999999999815,0.011199999999999988,-0.4999999999999858,-6.780000000000001,-5.784000000000006,-0.011800000000000033,1
-0.1538461538461533,-0.23076923076923078,3.2307692307692264,0.15384615384615508,0.015615384615384642,-0.0032307692307692593,-0.01892307692307693,-0.015384615384604672,8.076923076923094,6.656153846153842,-0.007384615384615323,1.1999999999999993,0.0,-0.20000000000000284,2.4000000000000004,0.052000000000000046,0.01660000000000006,-0.02499999999999991,-1.7999999999999972,-1.4799999999999756,8.405999999999992,0.02859999999999996,1
-1.9230769230769198,-0.1538461538461538,4.846153846153847,3.153846153846155,0.013538461538461555,-0.07523076923076927,-0.04853846153846153,-9.084615384615375,-7.046153846153814,4.294615384615398,-0.03200000000000003,0.8000000000000007,-0.20000000000000007,6.0,4.0,0.024599999999999955,-0.0358,-0.024599999999999955,-7.759999999999991,-7.759999999999991,6.434000000000012,-0.01660000000000006,0
-2.153846153846157,-0.15384615384615385,-5.153846153846153,-0.4615384615384617,0.006769230769230805,-0.04284615384615381,-0.05984615384615377,-6.361538461538473,0.6692307692307651,-1.819999999999979,-0.022923076923076935,-2.400000000000002,0.0,-5.600000000000001,-4.0,0.022800000000000042,-0.05319999999999997,-0.09639999999999993,-2.980000000000018,-3.5400000000000063,-1.5999999999999943,-0.016599999999999948,1
-1.8461538461538467,0.3076923076923077,-6.076923076923073,-2.0,0.020384615384615334,0.05684615384615388,0.02607692307692311,8.807692307692307,-4.184615384615384,-7.538461538461547,0.05292307692307685,-1.5999999999999979,0.6000000000000001,-2.4000000000000057,-5.0,0.02579999999999999,0.08179999999999993,-0.07099999999999995,12.340000000000018,-8.139999999999986,-9.400000000000006,0.03760000000000008,1
-2.0,0.1538461538461538,-3.6923076923076934,-2.9230769230769234,0.00592307692307692,-0.022307692307692306,-0.005769230769230749,-0.6999999999999886,1.207692307692298,-2.987692307692285,-0.004461538461538406,-0.7999999999999972,0.19999999999999996,-8.200000000000003,-0.8000000000000007,0.04980000000000001,0.020399999999999974,-0.021400000000000086,4.320000000000007,0.980000000000004,-0.10600000000000875,0.04159999999999997,1
1.5384615384615365,-0.07692307692307687,-0.7692307692307665,1.76923076923077,0.01123076923076921,-0.015076923076923154,-0.05684615384615399,-2.369230769230782,-2.353846153846149,0.04076923076924288,-0.008384615384615435,0.0,0.0,-2.3999999999999986,4.400000000000002,0.02740000000000009,0.01919999999999994,0.009000000000000008,-2.1200000000000045,-3.759999999999991,0.20000000000000284,0.014000000000000123,1
4.615384615384617,-0.23076923076923073,-1.53846153846154,3.8461538461538467,-0.023153846153846136,-0.015000000000000069,-0.0026923076923077716,-9.807692307692292,1.5230769230769283,8.884615384615387,-0.02738461538461545,5.600000000000001,0.0,-4.600000000000001,7.199999999999999,0.0021999999999999797,-0.032399999999999984,-0.04960000000000009,-11.759999999999991,-2.799999999999983,14.200000000000003,0.0027999999999999137,0
-0.6153846153846168,-0.15384615384615385,7.307692307692307,2.5384615384615383,-0.007384615384615489,0.0077692307692308615,-0.08553846153846156,1.253846153846169,3.6076923076923038,-6.521538461538455,-0.01876923076923076,-1.7999999999999972,-0.4,9.800000000000004,2.5999999999999996,-0.026199999999999946,-0.03059999999999996,-0.08460000000000001,-2.2199999999999847,1.5600000000000023,-6.584000000000003,-0.0464,0
-0.8461538461538467,0.07692307692307687,6.153846153846153,-2.5384615384615383,-0.030846153846153856,-0.07253846153846155,0.03353846153846152,-0.5076923076922952,-4.130769230769232,2.961538461538467,-0.03530769230769215,-4.200000000000003,0.0,8.0,-1.6000000000000014,-0.07039999999999996,-0.08999999999999997,0.08139999999999992,-9.0,-12.719999999999985,2.5999999999999943,-0.07080000000000009,1
-5.076923076923077,0.0,2.92307692307692,-0.8461538461538467,0.011230769230769266,-0.023384615384615393,-0.05153846153846153,-3.976923076923086,-8.853846153846163,-0.1861538461538288,-0.020615384615384702,-6.199999999999999,0.0,0.8000000000000043,-1.0,-0.014800000000000035,0.027199999999999946,-0.07579999999999998,-2.059999999999988,-8.799999999999997,-2.984000000000009,-0.0242,1
4.0,0.23076923076923073,-2.2307692307692335,0.6923076923076934,0.018923076923076876,-0.04107692307692301,0.005846153846153723,2.0692307692307708,-6.353846153846149,-0.12076923076922697,0.023461538461538534,7.199999999999999,0.19999999999999996,-2.8000000000000043,-2.5999999999999996,0.018600000000000005,-0.0242,0.06059999999999999,6.920000000000002,-8.90000000000002,2.1999999999999886,0.03500000000000003,1
-8.230769230769234,0.1538461538461538,3.2307692307692335,3.6923076923076934,-0.022230769230769276,-0.03523076923076923,0.0456923076923077,-2.5307692307692378,0.3615384615384585,-5.615384615384613,-0.014153846153846183,-5.799999999999997,0.0,-0.6000000000000014,4.799999999999999,0.0005999999999999894,-0.021999999999999964,0.1492,1.8799999999999955,5.100000000000023,-2.9000000000000057,0.026600000000000068,1
-1.8461538461538467,0.07692307692307693,-6.307692307692307,-0.5384615384615383,0.027307692307692255,-0.07230769230769235,-0.07023076923076921,-6.192307692307693,3.5,0.6923076923076934,-0.0015384615384614886,-0.1999999999999993,0.0,-6.200000000000003,-2.0,0.0013999999999999013,-0.034399999999999986,-0.10519999999999996,-9.899999999999991,5.300000000000011,2.1000000000000085,-0.030200000000000005,0
-6.153846153846153,-0.23076923076923073,-5.615384615384613,2.0769230769230766,-0.027384615384615285,-0.01961538461538459,-0.02453846153846162,-4.430769230769215,-3.830769230769235,-4.733076923076922,-0.02015384615384619,-4.400000000000002,-0.4,-2.6000000000000014,1.1999999999999993,-0.034800000000000164,-0.026599999999999957,-0.1015999999999998,-4.959999999999994,-1.579999999999984,-3.706000000000003,-0.036799999999999944,1
3.1538461538461533,0.07692307692307693,-4.0,-0.615384615384615,0.0008461538461538853,0.04823076923076913,0.014000000000000123,-2.723076923076917,-4.269230769230788,0.1153846153846132,0.017692307692307674,4.199999999999999,0.19999999999999996,-1.6000000000000014,-1.1999999999999993,-0.03820000000000007,0.0368,0.04399999999999993,-5.159999999999997,-8.400000000000006,-0.3999999999999915,-0.016000000000000014,1
-9.384615384615383,-0.07692307692307698,-0.7692307692307665,-0.615384615384615,-0.04453846153846153,-0.0687692307692308,0.028461538461538538,-5.476923076923086,-1.5846153846153754,-3.1938461538461524,-0.04046153846153844,-14.200000000000003,0.0,1.8000000000000043,0.8000000000000007,-0.06399999999999995,-0.10999999999999999,0.07600000000000007,-9.459999999999994,-8.340000000000018,-4.655999999999992,-0.04699999999999993,0
5.76923076923077,-0.23076923076923073,6.153846153846153,-0.4615384615384617,-0.03430769230769237,-0.11699999999999999,-0.06699999999999995,-9.807692307692307,-1.2923076923076735,3.7807692307692378,-0.08307692307692316,6.399999999999999,-0.20000000000000007,3.3999999999999986,-2.6000000000000014,-0.035600000000000076,-0.1552,-0.06519999999999992,-6.280000000000001,2.6599999999999966,-0.6559999999999917,-0.07860000000000011,0
-5.07692307692308,-0.23076923076923073,4.46153846153846,1.0,-0.03476923076923072,-0.0635384615384616,0.022615384615384482,-2.9538461538461434,2.8769230769230916,-7.786923076923088,-0.05469230769230771,-9.2,-0.6000000000000001,5.0,-1.4000000000000004,-0.11359999999999987,-0.19020000000000004,0.059599999999999986,-12.079999999999984,6.019999999999996,-9.299999999999997,-0.14059999999999995,1
-0.3076923076923066,0.0,-3.538461538461533,-1.6153846153846168,0.0020769230769230873,0.016538461538461613,-0.061846153846153884,0.8692307692307679,3.3230769230769255,-4.719999999999985,-0.006076923076923091,-1.6000000000000014,0.39999999999999997,-3.6000000000000014,-5.600000000000001,0.04859999999999992,0.07860000000000006,-0.11540000000000006,12.36,-2.0200000000000102,-7.900000000000006,0.034600000000000186,1
-4.307692307692307,0.07692307692307693,3.8461538461538467,-1.4615384615384617,0.008307692307692294,0.00038461538461537215,-0.059769230769230686,-3.076923076923052,-9.446153846153848,0.0830769230769306,-0.018307692307692358,-2.6000000000000014,0.0,4.199999999999996,-1.0,0.00759999999999994,0.04859999999999998,-0.05559999999999998,3.260000000000005,-9.920000000000002,-2.0,0.006399999999999961,1
8.076923076923077,-0.30769230769230765,-5.384615384615387,1.846153846153845,-0.0076153846153846905,-0.004615384615384466,-0.10561538461538478,-10.59230769230767,-0.37692307692309157,8.384615384615387,-0.010923076923077035,7.399999999999999,0.19999999999999996,-7.0,0.0,0.002999999999999947,-0.021600000000000008,-0.13219999999999998,-4.179999999999993,-6.180000000000007,7.599999999999994,0.00539999999999996,0
-1.8461538461538467,0.3076923076923077,6.2307692307692335,1.9230769230769234,-0.0008461538461537743,-0.05584615384615377,-0.01215384615384607,2.184615384615398,-10.784615384615392,-2.1899999999999835,-0.01676923076923076,-4.600000000000001,0.0,1.0,3.4000000000000004,0.00039999999999995595,-0.03420000000000001,-0.01319999999999999,-1.2399999999999949,-7.539999999999992,-2.200000000000003,-0.0119999999999999,1
0.9230769230769234,-0.30769230769230765,-1.3076923076923066,0.0,-0.008846153846153781,0.0153076923076923,0.03330769230769237,-0.569230769230785,12.446153846153848,0.1153846153846132,-0.005615384615384578,1.3999999999999986,-0.19999999999999996,0.19999999999999574,-1.200000000000001,0.026199999999999946,-0.003199999999999925,0.0018000000000000238,3.8200000000000074,13.740000000000009,-3.799999999999997,0.004999999999999893,0
2.76923076923077,-0.23076923076923073,2.92307692307692,3.6923076923076916,-0.02115384615384619,0.042615384615384555,-0.013307692307692354,-3.5846153846153896,4.17692307692306,4.160000000000011,-0.015384615384615441,1.8000000000000007,-0.8,-0.20000000000000284,5.799999999999999,-0.027800000000000047,0.04180000000000006,-0.07779999999999987,-12.699999999999989,10.220000000000013,4.915999999999997,-0.03159999999999996,1
-3.3846153846153832,-0.07692307692307698,2.07692307692308,-0.4615384615384617,-0.05369230769230765,-0.067,0.09669230769230774,-6.192307692307708,-2.930769230769201,-2.2976923076923157,-0.0462307692307693,-6.199999999999999,0.0,4.0,-1.4000000000000004,-0.09199999999999997,-0.1426,0.18359999999999999,-12.899999999999991,-11.919999999999987,-3.200000000000003,-0.08119999999999994,1
2.0,0.23076923076923073,-6.07692307692308,-0.4615384615384617,0.002846153846153776,-0.06215384615384617,0.03200000000000003,-4.884615384615387,-1.3538461538461632,1.9561538461538532,-0.004615384615384688,3.400000000000002,0.4,-9.399999999999999,-1.5999999999999996,0.023799999999999932,-0.003200000000000036,0.04180000000000017,1.3599999999999994,1.8200000000000074,0.8000000000000114,0.02420000000000011,1
1.6923076923076898,0.1538461538461538,-4.61538461538462,-3.6923076923076934,0.011846153846153784,0.056999999999999995,-0.017846153846153956,8.15384615384616,3.6384615384615273,-4.638461538461527,0.0346153846153846,-1.2000000000000028,0.8,-1.4000000000000057,-7.199999999999999,-0.0020000000000000573,0.09840000000000004,-0.06440000000000001,11.86,-6.6200000000000045,-6.800000000000011,0.03300000000000003,1
0.07692307692307665,0.23076923076923078,5.615384615384613,1.2307692307692317,-0.0296153846153846,0.0173076923076923,0.03530769230769226,0.3076923076923066,-4.884615384615387,1.3076923076923066,-0.014461538461538415,-1.0,0.39999999999999997,1.5999999999999943,3.0,-0.027800000000000047,-0.04460000000000003,0.06180000000000008,-5.299999999999997,-9.880000000000024,1.6000000000000085,-0.015799999999999925,1
2.615384615384613,-0.23076923076923073,2.2307692307692335,2.5384615384615383,7.692307692314104e-05,0.027692307692307627,-0.009538461538461607,0.7846153846153925,0.30000000000001137,2.4199999999999875,0.010461538461538411,1.6000000000000014,-0.19999999999999996,2.6000000000000014,0.6000000000000014,-0.01660000000000006,0.04400000000000004,-0.01860000000000006,-2.220000000000013,1.059999999999988,0.7060000000000173,-0.0010000000000000009,1
4.692307692307693,0.07692307692307693,5.846153846153847,-2.5384615384615383,0.016615384615384532,-0.012153846153846182,0.02284615384615385,0.6692307692307651,1.6230769230769369,4.079230769230762,0.002615384615384575,3.599999999999998,0.2,1.2000000000000028,-1.0,0.03980000000000006,-0.008599999999999941,0.032399999999999984,3.240000000000009,-1.4000000000000057,3.0999999999999943,0.03380000000000005,1
-1.9230769230769198,0.3846153846153846,6.076923076923073,-0.9230769230769234,-0.002461538461538515,-0.02907692307692311,-0.032538461538461405,2.2769230769230973,-6.392307692307696,-6.153846153846146,-0.016846153846153955,-4.0,0.0,5.799999999999997,-0.5999999999999996,-0.07000000000000006,-0.10400000000000004,-0.08099999999999996,-10.359999999999985,-4.5,-4.099999999999994,-0.09540000000000004,1
-2.3846153846153832,0.15384615384615385,-8.230769230769234,-2.23076923076923,-0.002153846153846173,-0.012692307692307725,-0.006153846153846176,-5.830769230769221,4.084615384615375,0.2461538461538595,-0.008076923076922982,-5.600000000000001,0.4,-9.0,-2.5999999999999996,-0.02739999999999998,0.012400000000000022,-0.026600000000000068,-11.340000000000018,-3.8200000000000216,-1.5,-0.023800000000000043,0
0.15384615384615685,-0.30769230769230765,-5.07692307692308,-1.5384615384615383,0.01538461538461533,0.0013846153846154285,0.01907692307692299,-3.3923076923077105,5.638461538461527,-1.6538461538461462,-0.008538461538461495,2.6000000000000014,0.20000000000000007,-4.399999999999999,-2.6000000000000014,0.06399999999999995,0.09200000000000003,-0.026600000000000068,7.939999999999998,5.779999999999987,-5.199999999999989,0.04239999999999999,0
-4.384615384615383,-0.23076923076923078,-6.0,3.3076923076923084,0.03484615384615386,0.06007692307692308,-0.06799999999999995,-0.8538461538461632,8.338461538461516,1.0123076923076866,0.043538461538461526,-5.799999999999997,-0.2,-1.7999999999999972,0.1999999999999993,0.03700000000000003,0.11879999999999996,-0.031200000000000006,4.740000000000009,8.76000000000002,2.618000000000009,0.052999999999999936,1
1.1538461538461533,-0.4615384615384615,5.92307692307692,4.23076923076923,-0.020615384615384758,-0.058076923076923026,-0.05469230769230771,-12.561538461538447,2.799999999999983,8.177692307692297,-0.060615384615384627,-0.5999999999999979,-1.0,5.0,1.8000000000000007,-0.04700000000000004,-0.10859999999999997,-0.10399999999999987,-13.519999999999982,10.759999999999991,6.561999999999983,-0.09339999999999993,0
-6.153846153846153,0.15384615384615385,1.46153846153846,-1.0,-0.007538461538461494,-0.05223076923076919,0.08907692307692316,4.853846153846163,-3.07692307692308,-3.578461538461525,0.0010769230769231974,-8.799999999999997,-0.19999999999999996,-2.799999999999997,0.8000000000000007,0.02100000000000002,-0.04440000000000005,0.19220000000000004,6.440000000000012,2.819999999999979,-3.5559999999999974,0.03379999999999994,1
0.8461538461538467,-0.3846153846153846,-7.153846153846153,0.8461538461538467,0.003692307692307717,-0.0012307692307692575,-0.02399999999999991,-1.7846153846153925,10.176923076923089,-3.617692307692309,0.004461538461538406,3.0,-0.39999999999999997,0.0,0.40000000000000036,0.01899999999999996,0.03400000000000003,-0.11380000000000001,-2.0799999999999983,10.420000000000002,-3.200000000000003,-0.0013999999999999568,0
-5.7692307692307665,0.23076923076923073,7.07692307692308,-3.0769230769230766,-0.0459230769230769,-0.03430769230769226,0.005230769230769261,-2.669230769230765,-13.861538461538487,-1.9553846153846024,-0.04176923076923078,-4.399999999999999,0.39999999999999997,8.0,-3.1999999999999993,-0.05499999999999999,0.03899999999999998,-0.05600000000000005,-0.8599999999999852,-18.90000000000002,-6.099999999999994,-0.04039999999999999,1
2.1538461538461533,0.15384615384615385,-3.6153846153846203,-0.8461538461538467,0.027615384615384653,0.004615384615384577,0.043230769230769184,8.053846153846138,2.284615384615364,-5.23615384615384,0.04961538461538473,5.200000000000003,0.4,-3.6000000000000014,-1.1999999999999993,0.06119999999999998,0.037400000000000044,0.14139999999999997,16.320000000000007,-4.8999999999999915,-5.0,0.08219999999999983,1
-1.1538461538461533,-0.15384615384615385,-3.615384615384613,0.23076923076923173,0.01792307692307693,-0.03907692307692312,0.03453846153846174,-1.438461538461553,2.9230769230769056,1.3830769230769278,0.006846153846153835,-4.199999999999999,-0.19999999999999996,-2.6000000000000014,1.0,0.01700000000000007,-0.04180000000000006,0.030399999999999983,-4.740000000000009,1.8400000000000034,0.9440000000000026,-0.0034000000000000696,0
7.307692307692307,-0.3846153846153846,7.0,-0.6923076923076916,-0.016461538461538472,-0.03130769230769226,-0.0873846153846154,-6.584615384615375,3.184615384615384,3.639230769230778,-0.04984615384615376,10.2,-0.4,5.399999999999999,-3.5999999999999996,0.026400000000000035,0.030799999999999994,-0.06059999999999999,6.660000000000011,7.320000000000007,2.161999999999992,-0.0011999999999999789,1
-3.30769230769231,0.07692307692307698,2.615384615384613,0.9230769230769234,0.018307692307692247,0.004461538461538461,-0.0687692307692308,3.1230769230769226,0.7153846153846217,-5.07692307692308,-0.00861538461538458,-6.0,0.0,4.200000000000003,-0.8000000000000007,-0.021600000000000008,-0.06679999999999997,-0.050799999999999845,-3.0800000000000125,2.5799999999999983,-3.0,-0.06119999999999992,1
2.3846153846153832,-0.30769230769230765,-4.2307692307692335,2.4615384615384617,-0.021076923076923104,-0.05253846153846159,0.05684615384615399,-6.346153846153868,9.638461538461556,-0.1500000000000199,-0.024000000000000132,4.399999999999999,-0.2,-2.3999999999999986,2.0,-0.014800000000000035,-0.08679999999999999,0.14200000000000002,-4.459999999999994,6.640000000000029,3.3999999999999915,-0.011799999999999922,1
-0.3076923076923066,0.07692307692307687,-1.1538461538461533,-3.6923076923076934,-0.02238461538461539,0.018923076923076876,0.03807692307692301,1.8384615384615444,3.1692307692307367,-2.8592307692307486,-0.009307692307692239,-1.0,0.4,-2.6000000000000014,-4.0,-0.03720000000000001,-0.025000000000000022,-0.028799999999999937,-4.339999999999975,-6.040000000000006,-3.0,-0.034600000000000075,0
1.2307692307692335,0.15384615384615385,-3.1538461538461533,2.6153846153846168,0.03707692307692301,0.09615384615384609,0.04007692307692301,8.169230769230765,1.700000000000017,1.5838461538461388,0.07523076923076932,2.3999999999999986,0.4,-1.3999999999999986,0.5999999999999996,0.06940000000000002,0.15439999999999998,0.06440000000000001,15.200000000000003,-1.0400000000000063,5.2180000000000035,0.11599999999999999,0
-4.23076923076923,-0.1538461538461538,-5.846153846153847,-0.1538461538461533,0.019923076923076932,0.0010000000000000564,-0.03453846153846152,-3.6000000000000227,4.592307692307671,-7.57692307692308,0.004923076923076919,-2.400000000000002,0.4,-2.6000000000000014,0.40000000000000036,0.068,0.05839999999999995,0.02420000000000011,6.139999999999986,-8.700000000000003,-5.5,0.05920000000000003,0
-3.3076923076923066,-0.07692307692307687,3.3076923076923137,-0.6923076923076934,-0.011076923076922984,0.0158461538461539,0.03669230769230758,6.807692307692321,-0.8153846153846018,-5.961538461538467,0.007461538461538408,-4.0,0.0,10.200000000000003,-2.5999999999999996,0.009199999999999986,-0.040000000000000036,0.02100000000000013,9.740000000000023,-5.279999999999987,-6.599999999999994,0.005199999999999982,0
-5.76923076923077,0.3076923076923077,5.46153846153846,-3.615384615384615,0.007153846153846233,-0.005384615384615377,0.06276923076923069,13.99230769230769,-1.5769230769230518,-5.961538461538453,0.019230769230769273,-5.600000000000001,0.0,6.399999999999999,-1.8000000000000007,0.0050000000000000044,0.0031999999999999806,0.1449999999999999,9.120000000000005,-5.959999999999994,-2.4000000000000057,0.0242,1
0.3076923076923066,0.07692307692307693,6.923076923076927,0.23076923076922995,-0.011461538461538467,0.0013076923076922875,0.03946153846153844,0.12307692307690843,-0.7384615384615358,4.079230769230762,-0.011538461538461608,-2.6000000000000014,0.0,6.400000000000006,1.1999999999999993,-0.03220000000000012,-0.07520000000000004,-0.08660000000000001,-6.900000000000006,-7.78000000000003,3.299999999999997,-0.055199999999999916,1
-1.6153846153846168,0.0,2.8461538461538396,3.9230769230769234,0.01192307692307698,-0.0026923076923076605,0.057615384615384624,2.0846153846153896,1.1692307692307793,-1.8515384615384676,0.013000000000000123,-1.0,0.2,3.1999999999999957,5.0,0.02899999999999997,0.04680000000000001,0.010199999999999987,4.079999999999998,-4.800000000000011,-4.800000000000011,0.03200000000000003,0
-3.1538461538461533,-0.5384615384615384,-0.3846153846153868,-1.23076923076923,-0.009846153846153893,-0.010230769230769265,0.03000000000000025,-1.4769230769230859,14.700000000000017,1.1923076923076934,-0.009923076923076923,-3.1999999999999993,-0.6000000000000001,-4.199999999999996,-3.5999999999999996,0.03760000000000002,0.07900000000000007,0.10319999999999996,10.640000000000015,27.60000000000001,-1.3000000000000114,0.05400000000000005,0
-0.6923076923076934,-0.23076923076923084,0.3076923076923066,2.3076923076923084,-0.020923076923076933,0.03907692307692301,-0.07061538461538475,-4.953846153846172,8.34615384615384,-3.9938461538461496,-0.01761538461538459,0.0,-0.4,-2.6000000000000014,2.0,-0.05820000000000014,-0.012800000000000034,-0.08840000000000003,-12.700000000000003,13.100000000000009,-3.1000000000000085,-0.06260000000000021,0
-6.2307692307692335,-0.3076923076923077,-4.46153846153846,3.3076923076923084,0.017076923076923156,0.0514615384615385,-0.021076923076923104,-5.223076923076931,7.276923076923083,0.24307692307691298,0.016307692307692467,-4.600000000000001,0.19999999999999996,2.1999999999999957,2.799999999999999,0.04839999999999994,0.10820000000000002,-0.019199999999999884,2.200000000000003,-1.440000000000012,3.562000000000012,0.059599999999999986,0
0.07692307692307665,0.1538461538461538,-3.92307692307692,-0.7692307692307683,-0.007461538461538519,-0.039153846153846095,-0.005538461538461381,-7.3230769230769255,1.6384615384615415,2.843846153846158,-0.027999999999999914,-0.1999999999999993,0.19999999999999996,-2.0,3.4000000000000004,-0.017200000000000104,-0.015800000000000036,0.03939999999999999,-6.220000000000013,-1.6200000000000045,1.8939999999999912,-0.018199999999999883,0
0.6923076923076898,-0.07692307692307698,-7.846153846153847,0.615384615384615,0.008000000000000007,0.023384615384615393,0.09984615384615392,1.423076923076934,1.553846153846166,3.6907692307692344,0.033923076923076834,0.6000000000000014,-0.4,-7.600000000000001,0.1999999999999993,-0.00599999999999995,-0.005599999999999994,0.11160000000000003,0.12000000000000455,3.0600000000000165,1.9000000000000057,0.022599999999999953,1
-0.3846153846153868,-0.23076923076923073,6.7692307692307665,6.307692307692307,-0.007769230769230806,-0.03469230769230769,0.03738461538461524,-6.976923076923086,-3.6384615384615415,6.589999999999989,-0.02369230769230768,-1.4000000000000021,-0.6,9.600000000000001,6.600000000000001,-0.027199999999999946,-0.05580000000000007,0.000600000000000156,-9.680000000000021,-0.6799999999999926,4.8999999999999915,-0.04920000000000002,0
-4.923076923076923,-0.23076923076923073,4.307692307692314,0.6923076923076934,-0.0006923076923076588,-0.01776923076923076,-0.0867692307692306,-9.715384615384622,-4.307692307692307,3.038461538461547,-0.038846153846153864,-3.6000000000000014,0.0,5.600000000000001,-1.5999999999999996,-0.010199999999999987,-0.04479999999999995,-0.09219999999999995,-5.280000000000015,-3.9799999999999898,0.0,-0.04139999999999999,1
-3.3076923076923066,0.07692307692307687,0.4615384615384599,0.8461538461538467,0.025923076923076827,0.027384615384615396,-0.06700000000000006,4.030769230769238,-1.0076923076923237,2.923076923076934,0.02438461538461545,-7.599999999999998,-0.19999999999999996,3.200000000000003,2.8000000000000007,-0.02180000000000004,-0.018199999999999994,-0.10100000000000009,-7.1200000000000045,-2.180000000000021,2.5,-0.033399999999999985,0
4.76923076923077,-0.30769230769230765,-5.53846153846154,2.9230769230769234,0.041769230769230725,0.014076923076923098,-0.027461538461538426,1.5230769230769283,14.81538461538463,1.763076923076909,0.029692307692307796,3.0,-0.39999999999999997,-3.0,2.8000000000000007,0.03540000000000004,-0.04540000000000005,0.00560000000000016,-0.01999999999998181,11.700000000000003,5.5,0.015600000000000058,0
-2.4615384615384635,0.23076923076923084,-2.2307692307692335,-1.6923076923076916,-0.011384615384615326,0.007538461538461549,0.10353846153846158,2.9846153846153953,-1.607692307692318,-3.177692307692297,0.009076923076923094,-2.400000000000002,0.20000000000000007,-2.200000000000003,-0.8000000000000007,-0.03159999999999996,-0.10339999999999994,0.07559999999999989,-5.119999999999976,-3.120000000000033,-0.9619999999999891,-0.021399999999999975,1
-5.307692307692307,0.23076923076923084,-0.1538461538461533,1.0769230769230766,0.0039230769230768625,-0.029307692307692312,-0.011461538461538412,0.8615384615384727,-2.1769230769230745,-4.846153846153854,0.01269230769230767,-7.399999999999999,0.0,-1.7999999999999972,5.0,0.030999999999999972,-0.06940000000000002,0.013799999999999923,-3.9000000000000057,-7.460000000000022,-1.0999999999999943,0.027599999999999958,1
4.692307692307693,0.15384615384615385,-5.307692307692307,2.8461538461538467,0.02023076923076922,0.0582307692307692,0.05546153846153845,0.9846153846153811,-7.169230769230765,3.9892307692307583,0.04046153846153844,1.6000000000000014,0.20000000000000007,0.3999999999999986,3.0,-0.00940000000000002,-0.044399999999999995,0.04720000000000013,-4.240000000000009,-15.120000000000005,3.2720000000000056,0.0044000000000000705,0
6.46153846153846,-0.23076923076923073,-0.8461538461538467,-0.8461538461538467,0.002692307692307716,-0.008923076923076922,-0.09815384615384637,-4.738461538461536,3.0461538461538424,5.115384615384613,-0.013076923076923097,6.0,-0.39999999999999997,1.7999999999999972,-2.0,-0.027599999999999958,-0.05699999999999994,-0.052999999999999936,-9.939999999999998,5.9399999999999835,5.400000000000006,-0.04920000000000013,1
1.46153846153846,-0.46153846153846156,-9.92307692307692,1.3076923076923084,-0.035692307692307745,-0.017307692307692357,-0.07000000000000006,-12.000000000000014,10.023076923076914,-2.156153846153842,-0.036615384615384605,4.399999999999999,-0.39999999999999997,-13.600000000000001,-2.6000000000000014,-0.02560000000000001,0.04639999999999994,-0.09999999999999998,-8.460000000000022,19.039999999999992,-3.299999999999997,-0.03160000000000007,0
5.692307692307693,0.3076923076923077,5.230769230769226,1.4615384615384617,0.00038461538461531664,0.008615384615384636,-0.020538461538461505,3.6923076923076934,-7.0,3.961538461538453,0.009230769230769265,2.3999999999999986,0.19999999999999996,2.200000000000003,1.799999999999999,-0.05159999999999998,-0.014000000000000012,-0.0010000000000000009,-2.8599999999999994,-3.380000000000024,-0.20000000000000284,-0.04500000000000004,1
4.307692307692307,0.23076923076923078,1.6923076923076934,1.1538461538461533,-0.0018461538461538307,0.006000000000000061,0.02046153846153842,2.384615384615387,-5.276923076923069,0.533076923076905,0.009230769230769154,6.599999999999998,0.2,-0.6000000000000014,3.0,0.0036000000000000476,0.023199999999999943,0.039000000000000146,2.4199999999999875,-5.980000000000018,0.10000000000000853,0.015599999999999947,0
1.4615384615384635,-0.15384615384615385,3.384615384615387,3.6923076923076916,0.017923076923076986,0.013538461538461555,-0.05261538461538473,-1.4153846153845961,0.9538461538461434,2.551538461538456,0.010153846153846069,2.8000000000000007,-0.39999999999999997,3.1999999999999957,5.0,-0.002799999999999969,0.03560000000000002,-0.13139999999999996,-7.540000000000006,5.259999999999991,4.200000000000003,-0.0040000000000000036,0
-3.384615384615387,0.46153846153846156,1.1538461538461533,-3.23076923076923,0.0336153846153846,-0.03553846153846152,0.056076923076923135,9.81538461538463,-7.430769230769229,-0.4676923076923174,0.035923076923076946,-1.1999999999999993,0.6000000000000001,-1.1999999999999957,-4.199999999999999,0.1004000000000001,0.11399999999999999,0.07940000000000003,19.31999999999998,-13.160000000000025,-1.1000000000000085,0.12080000000000002,0
-5.846153846153847,0.15384615384615385,1.6153846153846132,4.384615384615385,0.002307692307692344,0.03938461538461535,-0.0119999999999999,1.0000000000000142,0.2923076923076877,2.583846153846153,0.025153846153846193,-10.2,0.20000000000000007,4.399999999999999,4.000000000000002,-0.010599999999999998,-0.057599999999999985,-0.0484,-2.1599999999999966,-3.8799999999999955,3.6620000000000203,-0.0025999999999999357,0
-1.0769230769230766,0.3076923076923077,-3.076923076923073,-0.1538461538461533,0.030153846153846198,-0.028692307692307684,0.017846153846153734,2.384615384615387,-4.2153846153846075,1.5092307692307685,0.02315384615384608,2.400000000000002,0.2,-5.600000000000001,-0.1999999999999993,0.01899999999999996,-0.010999999999999954,0.11639999999999984,2.4000000000000057,7.719999999999999,3.328000000000003,0.02320000000000011,0
-3.3846153846153832,-0.07692307692307698,5.92307692307692,-0.3076923076923084,0.015461538461538471,0.003692307692307717,-0.07815384615384602,-0.8769230769230631,-2.8230769230769255,2.0,-0.00661538461538469,-3.6000000000000014,-0.39999999999999997,5.0,0.40000000000000036,-0.027400000000000146,-0.017600000000000005,-0.018200000000000105,-5.820000000000007,-2.4200000000000017,-1.2999999999999972,-0.03979999999999995,0
3.23076923076923,0.23076923076923078,4.615384615384613,-1.6153846153846168,0.02446153846153848,0.03615384615384615,0.005461538461538296,13.399999999999977,-5.376923076923063,-4.538461538461533,0.04146153846153844,4.399999999999999,0.6,6.0,0.20000000000000107,0.03220000000000012,0.03359999999999996,0.07879999999999987,11.519999999999982,-8.059999999999988,-3.299999999999997,0.04420000000000002,1
-2.76923076923077,-0.23076923076923073,-3.2307692307692335,-1.6153846153846168,-0.02238461538461539,-0.03930769230769232,0.01576923076923087,-3.6615384615384556,4.1000000000000085,-3.0023076923076957,-0.030923076923076942,-2.1999999999999993,-0.4,-9.600000000000001,-1.1999999999999993,-0.008399999999999963,-0.014600000000000057,0.10999999999999999,-2.8400000000000034,6.800000000000011,-2.3999999999999915,-0.009399999999999964,0
6.76923076923077,-0.15384615384615385,-3.46153846153846,0.38461538461538325,0.006999999999999951,-0.013923076923076982,-0.020384615384615667,-5.899999999999977,2.57692307692308,3.9592307692307713,0.0016923076923077707,10.400000000000002,0.0,-6.600000000000001,-3.0,0.04700000000000004,0.04420000000000002,-0.05559999999999998,4.420000000000002,3.3799999999999955,2.793999999999997,0.042200000000000015,1
1.0,0.07692307692307687,4.923076923076927,0.8461538461538467,0.003846153846153888,0.015153846153846184,-0.008230769230769264,-1.5846153846153754,-5.8999999999999915,4.038461538461547,-0.005384615384615321,4.600000000000001,0.4,9.0,1.4000000000000004,0.026999999999999913,-0.014000000000000012,-0.05999999999999983,4.960000000000022,-8.700000000000031,6.799999999999997,0.029799999999999938,0
1.0769230769230766,-0.23076923076923078,-2.7692307692307665,0.6923076923076916,0.03453846153846152,-0.029692307692307685,0.008230769230769264,0.10769230769231797,8.461538461538467,-2.5830769230769306,0.020153846153846078,2.1999999999999993,-0.2,-4.0,3.8000000000000007,0.06260000000000016,0.0040000000000000036,0.0262,-0.5799999999999983,5.299999999999997,0.7999999999999972,0.04260000000000008,0
1.53846153846154,0.3076923076923077,2.53846153846154,2.6923076923076916,-0.006307692307692292,7.692307692303002e-05,-0.037307692307692264,-0.46923076923076223,-13.938461538461567,1.4615384615384528,-0.003615384615384687,-2.8000000000000007,0.6000000000000001,1.2000000000000028,0.7999999999999989,-0.03939999999999999,-0.04060000000000008,-0.11020000000000008,-5.9199999999999875,-19.439999999999998,-0.6000000000000085,-0.04580000000000006,1
-5.5384615384615365,0.07692307692307687,-1.53846153846154,-0.9230769230769234,0.021461538461538476,0.02307692307692316,0.005769230769230638,2.1923076923076934,-4.461538461538453,2.769999999999982,0.03469230769230769,-7.600000000000001,0.0,0.4000000000000057,-3.0,0.022800000000000042,0.022200000000000053,-0.03500000000000003,2.9599999999999937,-5.700000000000003,2.2620000000000147,0.033400000000000096,0
0.6153846153846168,0.38461538461538464,2.6923076923076934,-2.7692307692307683,-0.018461538461538474,-0.013230769230769213,0.03569230769230769,1.3615384615384585,-9.16923076923078,-1.3076923076923066,-0.0028461538461538316,5.600000000000001,0.4,-2.3999999999999986,0.6000000000000014,0.026400000000000035,0.045999999999999985,0.0021999999999998687,4.540000000000006,-8.059999999999988,-0.7999999999999972,0.04159999999999997,0
-3.92307692307692,0.15384615384615385,-2.7692307692307736,-1.6153846153846168,0.008153846153846178,0.011692307692307724,0.04553846153846142,2.9307692307692434,-4.992307692307676,-6.730769230769226,0.018538461538461504,-6.800000000000001,0.0,-11.600000000000001,2.0,0.02839999999999998,0.03620000000000001,0.07020000000000004,-2.6399999999999864,-5.180000000000007,-7.8999999999999915,0.0391999999999999,0
-0.8461538461538467,0.6153846153846154,1.0,-0.07692307692307665,0.046923076923076845,0.01876923076923076,0.10153846153846147,8.607692307692304,-8.146153846153851,2.399230769230769,0.057769230769230795,-2.200000000000003,0.6000000000000001,2.1999999999999957,2.200000000000001,0.053600000000000037,-0.04679999999999995,0.09300000000000008,7.040000000000006,-13.40000000000002,5.132000000000019,0.05379999999999996,1
2.6153846153846168,0.0,6.076923076923073,1.1538461538461533,-0.008153846153846123,0.045846153846153925,0.0026923076923077716,5.107692307692304,-1.561538461538447,-2.5530769230769295,0.009846153846153838,-0.3999999999999986,0.19999999999999996,5.400000000000006,2.1999999999999993,-0.014999999999999958,0.014399999999999968,0.007199999999999984,2.440000000000012,-2.960000000000022,-3.328000000000003,-0.001000000000000223,1
2.6923076923076934,0.23076923076923073,2.923076923076927,1.2307692307692317,0.02969230769230774,0.05238461538461536,-0.02246153846153842,4.946153846153834,-2.946153846153848,2.233076923076922,0.036615384615384605,-0.5999999999999979,0.4,7.799999999999997,1.4000000000000004,0.009799999999999975,-0.011600000000000055,-0.09920000000000007,-1.440000000000012,-9.600000000000023,1.4000000000000057,-0.0041999999999999815,1
1.6153846153846168,0.1538461538461538,1.461538461538467,-1.5384615384615383,-0.0033076923076922893,-0.005846153846153779,-0.02992307692307683,2.0230769230769425,-2.7692307692307736,0.7307692307692264,-0.004076923076923089,0.5999999999999979,0.0,0.8000000000000043,0.0,0.00019999999999997797,0.04520000000000002,0.12419999999999998,1.259999999999991,-2.259999999999991,1.8000000000000114,0.025399999999999978,1
0.5384615384615365,-0.07692307692307687,1.8461538461538467,-4.230769230769232,0.009538461538461551,0.04192307692307695,0.026769230769230656,7.269230769230759,1.3153846153846018,-5.0746153846153845,0.0063076923076923475,2.799999999999997,-0.20000000000000007,-0.19999999999999574,-3.200000000000001,-0.01639999999999997,0.05059999999999998,0.030799999999999828,1.720000000000013,3.0600000000000023,-4.8940000000000055,-0.0040000000000000036,1
6.076923076923077,0.07692307692307698,1.46153846153846,-2.1538461538461533,7.692307692303002e-05,0.015384615384615385,0.03707692307692312,3.384615384615401,-0.6461538461538368,-0.2692307692307736,0.007230769230769374,8.999999999999996,0.20000000000000007,-0.6000000000000014,-2.799999999999999,0.025999999999999912,0.046200000000000074,0.008800000000000141,9.260000000000005,0.2600000000000193,-0.5,0.04999999999999982,0
-5.692307692307693,0.23076923076923073,2.6923076923076934,-2.6923076923076934,-0.008769230769230751,-0.032384615384615456,-0.09907692307692306,-1.7846153846153925,-3.0230769230769283,-5.445384615384597,-0.032384615384615345,-4.199999999999999,0.4,-0.3999999999999986,-1.1999999999999993,0.017000000000000126,0.0126,-0.1986,-2.1799999999999926,-4.519999999999996,-2.872,-0.010600000000000054,1
-4.30769230769231,-0.15384615384615385,5.615384615384613,1.9230769230769216,0.013615384615384585,0.012384615384615383,-0.09023076923076923,-2.746153846153831,1.0153846153846189,1.8076923076923066,-0.004538461538461602,-8.8,-0.6,4.799999999999997,2.4000000000000004,-0.04739999999999994,-0.028000000000000025,-0.04859999999999998,-10.860000000000014,5.4599999999999795,-2.9000000000000057,-0.0616000000000001,1
1.6923076923076934,-0.4615384615384615,-2.8461538461538467,1.1538461538461533,-0.004923076923076919,0.011307692307692352,0.04469230769230781,-6.646153846153837,5.9692307692307764,2.115384615384613,-0.01692307692307693,3.6000000000000014,-0.6,-4.600000000000001,-2.0,-0.019399999999999973,0.030400000000000038,0.008600000000000052,-3.8799999999999955,8.66000000000001,-0.5999999999999943,-0.024399999999999977,1
0.07692307692307665,0.0,5.38461538461538,-0.7692307692307683,-0.03961538461538455,-0.009615384615384526,0.005307692307692347,0.23846153846153584,-4.030769230769238,-1.1923076923076792,-0.025923076923076827,-2.8000000000000007,0.4,8.0,-1.8000000000000007,-0.03520000000000001,-0.0024000000000000132,-0.13180000000000003,-0.01999999999999602,-16.97999999999999,-4.699999999999989,-0.03279999999999994,1
-2.1538461538461533,0.0,-0.0769230769230802,1.2307692307692317,0.0016153846153846851,-0.054230769230769194,0.06515384615384623,0.13076923076923208,-2.446153846153848,1.8223076923076889,-0.006538461538461382,-0.8000000000000007,0.2,-0.20000000000000284,0.20000000000000107,0.01699999999999996,-0.056999999999999995,0.07419999999999993,3.460000000000008,-4.280000000000001,0.6280000000000001,-0.005199999999999982,1
-0.9230769230769234,0.3076923076923077,-3.53846153846154,-3.9230769230769216,0.018384615384615333,-0.006230769230769262,0.03876923076923067,3.799999999999983,-8.96923076923079,-0.3523076923077042,0.03523076923076929,-0.3999999999999986,0.0,-6.0,-1.0,0.05739999999999995,0.04039999999999999,-0.04679999999999995,3.579999999999984,-7.380000000000024,0.8999999999999915,0.07379999999999998,1
-1.0,-0.07692307692307687,-5.769230769230774,-6.461538461538462,-0.024076923076923107,0.012538461538461443,0.029230769230769393,0.5769230769230802,12.423076923076934,-4.436153846153843,-0.005615384615384578,-1.3999999999999986,-0.20000000000000007,-5.199999999999996,-7.200000000000001,-0.032999999999999974,-0.04999999999999999,0.0716,-4.840000000000003,11.819999999999993,-6.300000000000011,-0.026000000000000023,0
-0.8461538461538467,0.46153846153846156,3.6923076923076863,-0.3076923076923084,0.024076923076923107,0.01592307692307693,0.02430769230769214,5.853846153846135,-12.93076923076923,3.653846153846146,0.02707692307692311,-1.3999999999999986,0.6,5.0,0.5999999999999996,0.03899999999999987,0.039600000000000024,0.057599999999999874,11.320000000000007,-17.60000000000001,4.3940000000000055,0.03939999999999988,1
8.384615384615383,-0.5384615384615385,0.9230769230769198,0.6923076923076934,0.002538461538461545,-0.03553846153846152,-0.0968461538461538,-4.615384615384613,11.999999999999986,6.325384615384593,-0.02892307692307683,9.400000000000002,-0.6000000000000001,-2.799999999999997,-2.1999999999999993,-0.007800000000000029,0.005600000000000049,-0.1057999999999999,-2.4200000000000017,17.420000000000016,4.461999999999989,-0.034599999999999964,0
4.076923076923077,0.15384615384615385,2.53846153846154,2.76923076923077,0.009307692307692406,0.00830769230769235,0.02469230769230779,1.3615384615384585,-1.946153846153834,2.153846153846146,0.010923076923077035,-2.3999999999999986,0.0,4.0,3.5999999999999996,-0.032399999999999984,-0.0696000000000001,0.04039999999999999,-4.07999999999997,-0.03999999999997783,0.29999999999999716,-0.030000000000000027,1
-1.3846153846153832,-0.1538461538461538,-0.7692307692307665,2.4615384615384617,-0.024538461538461565,-0.008923076923076922,-0.052538461538461534,-8.869230769230768,-1.5230769230769283,3.884615384615387,-0.037461538461538435,-6.799999999999997,-0.6000000000000001,2.0,5.0,-0.08060000000000012,-0.13040000000000002,-0.09000000000000008,-24.359999999999985,-0.5599999999999881,5.700000000000003,-0.12359999999999993,1
-6.4615384615384635,0.07692307692307698,3.384615384615387,-2.0,0.002999999999999947,0.009692307692307722,0.047615384615384504,10.307692307692307,1.3923076923076962,-8.497692307692304,0.007230769230769263,-7.0,0.0,-3.0,-2.5999999999999996,-0.015000000000000013,-0.02779999999999999,-0.049799999999999955,3.3799999999999955,-2.200000000000003,-9.593999999999994,-0.019999999999999907,0
1.6923076923076934,0.07692307692307693,3.8461538461538467,0.1538461538461533,-0.009230769230769265,0.026692307692307626,-0.0416153846153845,1.1461538461538368,-1.8692307692307821,6.040769230769229,-0.0018461538461538307,4.199999999999999,0.39999999999999997,11.399999999999999,-1.0,0.01639999999999997,0.007400000000000018,-0.061000000000000054,7.859999999999985,-7.540000000000006,7.299999999999997,0.014399999999999968,0
5.615384615384613,0.30769230769230765,-3.538461538461533,-2.3076923076923084,0.02630769230769231,-0.0343846153846154,0.013846153846153952,3.430769230769215,-1.6076923076923038,0.9546153846153942,0.014769230769230757,7.400000000000002,0.20000000000000007,-5.800000000000004,-2.6000000000000014,0.027000000000000024,0.007799999999999974,0.07539999999999991,4.579999999999998,10.399999999999991,2.5999999999999943,0.0242,0
1.3076923076923102,-0.38461538461538464,-2.461538461538467,0.4615384615384617,-0.030230769230769228,-0.04384615384615387,-0.00607692307692298,-8.807692307692307,7.707692307692312,4.417692307692292,-0.04807692307692302,0.8000000000000007,-0.6000000000000001,-4.799999999999997,-0.9999999999999982,-0.030600000000000016,-0.0023999999999999577,0.04699999999999993,-5.040000000000006,14.459999999999994,6.3999999999999915,-0.028800000000000048,0
-0.6153846153846168,0.0,-1.923076923076927,-0.9230769230769234,-0.007461538461538464,-0.026153846153846194,0.02269230769230768,-3.0461538461538566,0.6615384615384698,-0.2692307692307736,-0.0170769230769231,4.199999999999999,0.6000000000000001,-0.3999999999999986,-2.0000000000000018,0.060400000000000065,0.04379999999999995,-0.059599999999999986,12.019999999999982,-1.599999999999966,2.0,0.055400000000000005,0
0.23076923076922995,-0.38461538461538464,1.2307692307692335,2.4615384615384617,0.004923076923076863,-0.026769230769230767,-0.015076923076923099,-5.938461538461553,13.392307692307696,2.07076923076923,-0.018230769230769273,2.0,-0.2,-0.3999999999999986,0.8000000000000007,0.022599999999999898,0.01899999999999996,0.047799999999999954,3.2199999999999847,15.199999999999974,-3.799999999999997,0.014999999999999902,0
-2.384615384615387,0.0,3.3076923076923066,1.7692307692307683,-7.692307692308553e-05,-0.015692307692307672,-0.08692307692307688,-0.9384615384615245,3.1076923076922895,-2.873846153846145,-0.02523076923076928,-1.8000000000000007,0.20000000000000007,4.600000000000001,4.399999999999999,0.015000000000000069,0.007199999999999984,-0.06699999999999995,-2.719999999999999,-2.799999999999997,-0.8719999999999999,-0.0029999999999998916,0
-0.3076923076923066,0.15384615384615385,0.1538461538461533,-0.384615384615385,-0.014000000000000012,-0.019230769230769218,0.03153846153846174,2.407692307692315,-4.307692307692307,0.47615384615384926,-0.0008461538461538298,2.3999999999999986,0.4,-0.5999999999999943,-1.0,0.004799999999999971,0.03219999999999995,-0.04459999999999997,5.179999999999993,-4.920000000000002,-0.3720000000000141,0.01419999999999999,1
-2.0,-0.15384615384615385,1.6153846153846132,3.0769230769230766,-0.02653846153846151,-0.052769230769230735,0.10530769230769232,-6.038461538461533,-2.76153846153845,4.769230769230774,-0.032923076923076944,-0.3999999999999986,0.0,0.6000000000000014,1.4000000000000004,-0.031200000000000117,-0.020600000000000007,0.08720000000000006,-0.4200000000000017,-6.900000000000006,2.0999999999999943,-0.03520000000000001,1
7.23076923076923,0.0,-6.2307692307692335,-0.615384615384615,0.01176923076923081,0.06338461538461543,0.059307692307692395,0.3692307692307679,0.0923076923077133,6.681538461538466,0.03784615384615386,4.800000000000001,0.20000000000000007,-2.0,-0.40000000000000036,0.014199999999999935,0.0534,0.08999999999999986,4.939999999999998,-0.9199999999999875,4.972000000000008,0.04159999999999997,0
-2.0,-0.07692307692307698,-2.53846153846154,-1.4615384615384617,-0.006230769230769262,-0.03761538461538472,-0.07815384615384613,-10.33076923076922,2.4923076923076906,6.692307692307693,-0.03284615384615375,-1.0,-0.20000000000000007,0.7999999999999972,-1.9999999999999982,-0.012400000000000022,-0.01200000000000001,-0.07839999999999991,-5.61999999999999,5.980000000000004,7.8999999999999915,-0.025000000000000022,0
-0.5384615384615365,0.46153846153846156,-1.1538461538461533,-3.384615384615385,0.02561538461538454,0.023692307692307735,0.02100000000000013,4.938461538461539,-5.092307692307685,0.9100000000000108,0.028538461538461513,0.6000000000000014,0.4,3.6000000000000014,-5.600000000000001,0.01800000000000007,0.003999999999999948,0.008199999999999985,5.6000000000000085,-11.519999999999982,0.19400000000000261,0.006599999999999939,1
-2.76923076923077,-0.15384615384615385,-0.2307692307692335,-2.384615384615385,-0.03484615384615386,-0.008846153846153781,0.036769230769230776,-0.776923076923083,6.0,-2.07692307692308,-0.016615384615384587,-2.599999999999998,-0.20000000000000007,0.0,1.0,0.0015999999999999903,0.013800000000000034,0.0673999999999999,-1.740000000000009,2.259999999999991,-0.19999999999998863,0.007600000000000051,1
3.53846153846154,-0.07692307692307698,6.07692307692308,4.153846153846153,0.00861538461538458,0.060461538461538455,-0.0853076923076923,-0.08461538461537543,0.6538461538461462,4.083076923076945,0.0032307692307691482,1.6000000000000014,-0.19999999999999996,5.599999999999994,5.800000000000001,-0.04680000000000012,0.002799999999999969,-0.02400000000000002,-11.359999999999985,-0.5600000000000307,5.400000000000006,-0.055199999999999916,1
-2.4615384615384635,-0.15384615384615385,-0.3076923076923066,1.8461538461538467,-0.0038461538461538325,0.01792307692307693,0.016538461538461502,-1.169230769230765,5.023076923076914,2.2738461538461507,0.0006153846153845732,-3.0,-0.6000000000000001,-6.0,-1.8000000000000007,-0.04359999999999992,-0.056999999999999995,0.00019999999999997797,-5.8799999999999955,11.660000000000025,-0.3999999999999915,-0.04940000000000011,1
-0.07692307692307665,-0.23076923076923078,1.461538461538467,2.8461538461538467,-0.042230769230769294,-0.047923076923076846,0.10715384615384627,-6.930769230769229,-0.4461538461538481,3.5,-0.03607692307692312,1.8000000000000007,-0.19999999999999996,3.0,2.8000000000000007,-0.07480000000000003,-0.04299999999999998,0.1616000000000002,-6.259999999999991,-7.799999999999997,1.6999999999999886,-0.051000000000000045,0
-2.0769230769230766,0.23076923076923073,5.92307692307692,-2.3846153846153832,-0.03946153846153849,-0.002153846153846173,0.009615384615384692,2.369230769230768,-7.1384615384615415,-2.228461538461545,-0.026153846153846194,2.0,0.6,2.799999999999997,-3.0,-0.01760000000000006,0.025000000000000022,-0.040999999999999925,3.0999999999999943,-12.240000000000009,-1.3940000000000055,-0.010800000000000032,1
2.3846153846153832,-0.15384615384615385,-0.4615384615384599,-1.153846153846155,0.005384615384615321,0.03638461538461535,0.009615384615384692,0.22307692307693117,1.0153846153846189,-3.461538461538453,0.0004615384615385132,6.200000000000003,0.4,0.19999999999999574,-2.0000000000000018,0.043000000000000094,0.06959999999999994,-0.014599999999999946,4.4399999999999835,-12.559999999999988,-3.200000000000003,0.041999999999999926,1
-3.384615384615387,0.07692307692307693,-0.0769230769230802,-1.76923076923077,0.004692307692307718,-0.0008461538461537743,-0.030307692307692258,-1.6000000000000227,-0.9384615384615245,0.6592307692307742,-0.005384615384615321,-4.199999999999999,0.2,6.600000000000001,-3.0,-0.03539999999999999,-0.031200000000000006,0.0024000000000001798,-4.440000000000012,-4.820000000000007,-0.7000000000000028,-0.04480000000000006,1
-2.3076923076923066,0.0,4.0,2.1538461538461533,-0.03646153846153849,-0.0469230769230769,-0.02046153846153842,-6.330769230769249,-0.9769230769230859,6.730769230769241,-0.044076923076923125,-0.8000000000000007,0.19999999999999996,6.799999999999997,0.40000000000000036,-0.016000000000000014,-0.08599999999999991,0.019199999999999995,-0.3400000000000034,-5.240000000000009,5.700000000000003,-0.03279999999999994,0
-5.5384615384615365,-0.07692307692307687,-1.3076923076923066,-1.0769230769230784,-0.04353846153846158,-0.031000000000000028,0.027846153846153632,-4.207692307692312,-4.053846153846152,-3.2307692307692264,-0.034076923076923116,-3.6000000000000014,-0.4,-3.6000000000000014,2.4000000000000004,-0.03299999999999992,-0.052600000000000036,0.0838000000000001,-9.299999999999969,2.9399999999999835,1.6000000000000085,-0.03420000000000001,1
1.0769230769230766,-0.07692307692307698,-0.7692307692307665,-4.153846153846153,-0.026769230769230767,0.007307692307692348,-0.07892307692307698,-2.7307692307692264,1.4615384615384528,-2.450769230769211,-0.032076923076923,1.5999999999999979,-0.20000000000000007,-1.8000000000000043,-7.199999999999999,-0.03760000000000002,0.023799999999999988,-0.053200000000000025,-2.5999999999999943,4.240000000000009,-5.799999999999997,-0.04239999999999999,1
4.923076923076923,-0.07692307692307687,-2.461538461538467,-2.0,0.011769230769230754,0.02307692307692305,0.0410769230769229,6.007692307692309,6.299999999999997,2.7307692307692264,0.03584615384615386,3.8000000000000007,-0.19999999999999996,0.0,2.0,-0.018800000000000094,0.02959999999999996,-0.01959999999999995,-5.4399999999999835,-2.259999999999991,7.8999999999999915,0.0019999999999998908,0
1.76923076923077,0.07692307692307698,1.9230769230769198,3.2307692307692317,0.0316153846153846,0.059692307692307656,0.03284615384615386,10.138461538461527,1.784615384615364,-2.3461538461538396,0.044384615384615356,1.4000000000000021,0.4,3.5999999999999943,5.4,0.04119999999999996,0.10899999999999999,0.04699999999999993,10.699999999999974,-1.4000000000000057,-0.7000000000000028,0.0653999999999999,1
0.76923076923077,-0.07692307692307687,-0.6153846153846132,1.0,0.0065384615384615485,0.002307692307692233,-0.012230769230769156,-0.37692307692307736,3.138461538461513,-0.2307692307692264,0.005615384615384578,1.0,-0.4,0.7999999999999972,-1.0,-0.020000000000000018,-0.06539999999999996,-0.025799999999999934,-3.279999999999987,5.340000000000003,1.2000000000000028,-0.0232,1
-0.38461538461538325,0.1538461538461538,-5.7692307692307665,0.0,0.016307692307692356,0.0032307692307692037,0.047769230769230675,2.815384615384616,-0.7923076923076877,-1.4338461538461615,0.02861538461538471,5.0,0.0,-12.599999999999994,0.0,0.0798000000000001,0.09220000000000006,-0.0047999999999999154,8.980000000000018,11.360000000000014,-3.0720000000000027,0.08900000000000008,1
1.76923076923077,-0.30769230769230765,-1.6923076923076934,0.3076923076923084,-0.03592307692307689,-0.06838461538461532,0.10115384615384615,-2.57692307692308,5.876923076923077,-3.1923076923076934,-0.03907692307692312,2.6000000000000014,-0.6,-4.399999999999999,-2.3999999999999986,-0.010599999999999998,-0.07420000000000004,0.12119999999999997,4.239999999999981,15.099999999999994,-3.6000000000000085,-0.019200000000000106,0
-2.384615384615387,0.0,3.0,-0.76923076923077,-0.03869230769230758,-0.025846153846153852,-0.03892307692307695,-1.7692307692307736,0.776923076923083,-6.796923076923065,-0.048615384615384616,1.8000000000000007,0.19999999999999996,1.0,-1.0,-0.019600000000000062,0.02859999999999996,-0.06159999999999999,0.7399999999999807,-1.0999999999999943,-8.472000000000008,-0.026799999999999935,1
-2.846153846153843,0.23076923076923073,5.2307692307692335,-1.0,-0.011307692307692352,-0.009846153846153838,0.049307692307692275,5.223076923076917,-6.338461538461544,-2.766923076923078,-0.013230769230769268,0.20000000000000284,0.39999999999999997,-0.6000000000000014,-1.0,-0.013400000000000023,-0.014800000000000035,-0.009400000000000075,7.660000000000011,-6.279999999999987,-5.494,-0.022800000000000042,1
-1.3846153846153832,0.07692307692307687,3.8461538461538467,-1.4615384615384617,-0.006153846153846121,-0.03515384615384615,-0.018307692307692247,-1.784615384615364,-10.107692307692318,-0.6515384615384647,-0.007923076923076922,-0.1999999999999993,0.0,5.399999999999999,-0.5999999999999996,0.012199999999999989,-0.05419999999999997,-0.0016000000000002679,-0.35999999999999943,-11.38000000000001,-2.4000000000000057,-0.008399999999999963,1
1.76923076923077,0.6923076923076923,3.6153846153846203,1.0,0.04015384615384621,-0.003923076923076918,-0.0035384615384616014,4.953846153846143,-16.507692307692324,6.038461538461547,0.022923076923076935,4.400000000000002,0.6,0.7999999999999972,-2.4000000000000004,0.07720000000000005,-0.008399999999999963,-0.0024000000000000687,14.66000000000001,-7.920000000000016,7.494,0.051000000000000045,1
-3.1538461538461533,-0.07692307692307687,3.923076923076927,1.3846153846153832,-0.03692307692307689,-0.062230769230769256,-0.007384615384615545,-5.053846153846166,0.35384615384614904,5.461538461538467,-0.04384615384615387,-2.1999999999999993,0.19999999999999996,8.199999999999996,-1.200000000000001,-0.037200000000000066,-0.08340000000000003,0.029000000000000026,0.14000000000000057,-6.5600000000000165,5.8999999999999915,-0.04259999999999997,1
-1.6153846153846132,0.30769230769230765,0.2307692307692335,-3.0769230769230766,-0.018692307692307675,-0.02546153846153848,-0.0003076923076921201,0.9307692307692292,-10.369230769230768,-6.193076923076916,-0.019384615384615445,-4.9999999999999964,0.39999999999999997,5.0,-2.0,-0.0255999999999999,-0.055400000000000005,-0.02960000000000007,-2.219999999999999,-13.38000000000001,-4.0,-0.026599999999999957,1
-0.07692307692307665,-0.07692307692307693,1.3846153846153868,1.0,-0.05123076923076919,-0.0439230769230769,0.02115384615384619,-7.669230769230751,-4.6384615384615415,5.192307692307693,-0.042538461538461525,3.0,0.4,1.7999999999999972,-1.0,-0.036799999999999944,-0.010199999999999987,0.0028000000000002467,-3.019999999999996,-10.759999999999991,6.900000000000006,-0.02080000000000004,1
0.3846153846153868,0.07692307692307687,5.15384615384616,1.1538461538461533,-0.029307692307692257,-0.008846153846153837,0.03130769230769237,-1.7846153846153783,-7.7846153846153925,-2.2307692307692406,-0.026307692307692143,1.0,0.4,9.0,1.4000000000000004,-0.015599999999999947,0.020399999999999974,0.04380000000000006,2.980000000000018,-22.75999999999999,-3.700000000000003,-0.006000000000000005,1
0.9230769230769198,-0.07692307692307698,2.3076923076923137,-0.1538461538461533,-0.023769230769230765,-0.0145384615384615,-0.036615384615384494,-1.2923076923076877,-2.5692307692307708,1.5238461538461365,-0.025000000000000022,-2.0,0.0,1.2000000000000028,-0.1999999999999993,-0.014200000000000046,-0.061399999999999955,-0.02080000000000004,-4.359999999999985,-4.700000000000003,0.0,-0.02320000000000011,0
-7.5384615384615365,-0.15384615384615385,1.6153846153846132,1.3076923076923084,-0.044461538461538386,-0.05476923076923074,-0.0010000000000000009,-6.58461538461539,-2.0,-0.5,-0.034923076923076946,-6.400000000000002,-0.6000000000000001,5.399999999999999,5.0,-0.07719999999999999,-0.06640000000000001,-0.06359999999999999,-17.299999999999997,0.9200000000000017,2.5,-0.08179999999999987,0
0.6923076923076934,0.07692307692307687,-1.7692307692307665,-1.384615384615385,-0.01800000000000007,0.060230769230769254,-0.008615384615384691,-0.21538461538462172,5.42307692307692,-5.49384615384615,-0.00846153846153852,2.0,0.4,3.4000000000000057,-1.6000000000000014,-0.0008000000000000229,0.08879999999999988,-0.017800000000000038,3.4799999999999898,1.460000000000008,-4.5,0.005600000000000049,0
4.0,0.30769230769230765,2.3076923076923137,1.76923076923077,0.02530769230769231,0.03992307692307695,0.04123076923076929,9.215384615384608,-5.6076923076922895,-3.1923076923076934,0.04553846153846153,4.599999999999998,0.4,-2.1999999999999957,5.799999999999999,0.07119999999999999,0.10660000000000003,0.03599999999999992,9.64,-3.2199999999999847,-1.5999999999999943,0.09740000000000004,1
5.076923076923077,-0.07692307692307698,-5.615384615384613,2.0,0.0076153846153845794,0.03438461538461535,0.05330769230769239,-2.4384615384615245,1.384615384615401,5.719999999999999,0.030538461538461514,5.199999999999999,-0.20000000000000007,-5.800000000000004,2.0,0.027200000000000057,0.01940000000000003,0.03300000000000003,2.6799999999999926,10.779999999999987,6.400000000000006,0.052000000000000046,0
1.46153846153846,-0.30769230769230765,0.3846153846153868,0.07692307692307843,-0.04046153846153844,-0.08299999999999996,0.10161538461538455,-4.361538461538487,4.4769230769231,-2.7692307692307594,-0.04653846153846153,3.3999999999999986,-0.8,-4.399999999999999,-2.9999999999999982,-0.018400000000000027,-0.11280000000000007,0.10499999999999998,-0.680000000000021,17.92,-3.5999999999999943,-0.03839999999999988,1
-0.9230769230769198,0.23076923076923084,0.6923076923076934,1.0,0.011384615384615326,0.03915384615384615,0.01553846153846139,3.4000000000000057,-3.4461538461538623,-1.936153846153843,0.025846153846153852,-1.5999999999999979,0.20000000000000007,8.800000000000004,4.0,0.008799999999999919,0.011399999999999966,0.017000000000000015,1.3599999999999852,-14.039999999999978,-1.2999999999999972,0.013800000000000034,0
2.46153846153846,0.15384615384615385,4.0,3.3076923076923066,0.016615384615384643,-0.04899999999999993,-0.04638461538461536,0.4538461538461718,-12.669230769230765,4.5,-0.009076923076923094,2.6000000000000014,0.20000000000000007,-0.3999999999999986,-0.8000000000000007,0.01920000000000005,-0.09779999999999994,0.026200000000000112,3.8799999999999955,-8.899999999999991,6.599999999999994,-0.007799999999999918,1
-0.7692307692307665,0.30769230769230765,2.8461538461538467,-1.0,-0.017000000000000015,0.044153846153846155,-0.044230769230769296,-1.7999999999999972,-10.923076923076934,-1.6538461538461604,-0.013000000000000012,0.7999999999999972,0.6,1.7999999999999972,-4.199999999999999,0.03180000000000005,0.07879999999999993,-0.05120000000000002,7.440000000000012,-6.5,-0.29999999999999716,0.034399999999999986,0
-1.23076923076923,-0.38461538461538464,-5.0,2.6923076923076916,-0.023153846153846136,-0.036769230769230776,0.05415384615384622,-8.715384615384608,9.615384615384627,4.730769230769226,-0.025769230769230655,0.0,-0.4,-4.200000000000003,2.0,-0.028799999999999992,-0.03820000000000001,0.04200000000000004,-6.900000000000006,14.439999999999998,4.900000000000006,-0.03299999999999992,0
-1.1538461538461569,-0.38461538461538464,-0.5384615384615401,1.53846153846154,-0.07461538461538464,-0.045769230769230784,0.042153846153845986,-10.961538461538467,5.653846153846146,-4.305384615384611,-0.06446153846153846,-3.599999999999998,-0.6,2.200000000000003,4.4,-0.09919999999999995,-0.07479999999999998,0.10660000000000003,-14.599999999999994,5.88000000000001,-5.8940000000000055,-0.0805999999999999,0
0.8461538461538467,0.0,5.076923076923073,1.153846153846155,0.0020000000000000018,-0.011307692307692296,0.019538461538461616,4.099999999999994,1.3230769230769255,3.2307692307692264,0.008769230769230751,2.1999999999999993,0.0,8.0,0.40000000000000036,-0.00940000000000002,-0.07459999999999994,0.018799999999999928,1.0400000000000063,-5.840000000000003,6.1000000000000085,-0.0027999999999999137,0
1.1538461538461533,-0.15384615384615385,0.1538461538461604,2.1538461538461533,0.018461538461538474,-0.00507692307692309,-0.0712307692307691,-4.038461538461519,2.0230769230769283,8.036153846153852,0.005461538461538518,-1.5999999999999979,-0.39999999999999997,3.799999999999997,2.5999999999999996,0.006400000000000017,-0.00940000000000002,-0.005799999999999916,-7.280000000000015,5.719999999999999,10.900000000000006,0.00039999999999995595,0
-4.46153846153846,-0.23076923076923073,-3.3076923076923066,-0.4615384615384617,-0.018000000000000016,-0.02130769230769236,-0.06492307692307697,-6.607692307692304,3.5461538461538566,-4.5,-0.03300000000000003,-2.0,-0.2,-3.5999999999999943,-5.199999999999999,-0.012400000000000078,-0.02240000000000003,-0.06720000000000004,-1.5600000000000165,4.980000000000018,-9.5,-0.03720000000000001,1
-2.6153846153846168,0.23076923076923073,1.1538461538461533,-2.1538461538461533,0.02953846153846157,-0.011307692307692407,-0.00946153846153841,4.761538461538478,-8.715384615384593,0.45769230769228386,0.035923076923076835,-3.1999999999999993,0.0,3.200000000000003,1.0,0.002799999999999969,-0.03859999999999997,0.03400000000000014,0.6599999999999966,-5.660000000000011,-2.9000000000000057,0.01200000000000001,1
6.153846153846153,0.07692307692307698,0.5384615384615401,1.384615384615385,0.004846153846153889,0.010692307692307668,-0.011538461538461497,1.907692307692301,-4.684615384615384,4.703076923076935,0.019076923076923102,2.3999999999999986,-0.4,2.5999999999999943,6.4,-0.044600000000000084,-0.08179999999999993,-0.025600000000000178,-16.439999999999984,-15.599999999999994,10.299999999999997,-0.03859999999999997,0
-1.6153846153846168,-0.15384615384615385,4.0,3.6153846153846168,-0.0032307692307692037,-0.043461538461538496,-0.056230769230769195,-4.515384615384619,1.5538461538461519,2.6923076923076934,-0.016615384615384587,-1.0,-0.6,6.199999999999996,5.800000000000001,-0.036799999999999944,-0.03919999999999996,-0.07120000000000015,-10.679999999999993,4.6000000000000085,4.0,-0.05919999999999992,0
2.3076923076923066,0.0,8.307692307692307,3.153846153846155,0.0020769230769230873,-0.017384615384615387,-0.0492307692307693,-0.39230769230768203,-10.015384615384619,2.07692307692308,-0.01269230769230778,4.800000000000001,0.6,5.0,0.5999999999999996,0.002999999999999947,-0.024399999999999977,0.048799999999999955,1.4399999999999835,-21.900000000000006,3.0,-0.005600000000000049,1
3.8461538461538467,0.07692307692307687,-3.1538461538461533,-1.615384615384615,-0.018384615384615333,-0.0820769230769231,0.07846153846153836,-3.5461538461538424,0.13076923076923208,-3.622307692307686,-0.028461538461538427,-0.40000000000000213,-0.20000000000000007,-1.7999999999999972,0.0,-0.031399999999999983,-0.1144,0.018000000000000016,-13.340000000000003,1.2800000000000153,-2.0,-0.052999999999999936,0
0.23076923076922995,0.07692307692307687,2.2307692307692335,1.0,-0.0017692307692307452,-0.002692307692307716,-0.05230769230769228,-3.0615384615384613,3.8846153846153726,1.6238461538461735,-0.019307692307692248,1.6000000000000014,0.0,7.200000000000003,0.0,-0.030399999999999983,0.0045999999999999375,0.06499999999999995,-4.860000000000014,3.440000000000012,3.9000000000000057,-0.03400000000000003,0
1.6923076923076934,-0.07692307692307693,-3.1538461538461533,0.9230769230769234,0.0017692307692307452,0.036692307692307746,-0.0838461538461539,-3.553846153846152,2.353846153846135,-2.038461538461547,0.007076923076923092,2.0,-0.2,-2.1999999999999957,0.5999999999999996,0.027399999999999924,0.0826,-0.08040000000000003,3.059999999999988,9.940000000000012,-1.2000000000000028,0.031199999999999894,1
1.0769230769230766,-0.07692307692307687,2.615384615384613,0.6923076923076916,-0.02746153846153837,-0.030153846153846142,-0.032230769230769174,-6.453846153846143,0.46923076923076223,-0.8461538461538396,-0.03600000000000003,0.8000000000000007,0.0,0.0,-0.8000000000000007,0.02140000000000003,-0.022200000000000053,-0.0905999999999999,-3.8600000000000136,0.5999999999999659,0.29999999999999716,0.00040000000000006697,1
-3.46153846153846,0.0,-3.384615384615387,-0.8461538461538467,0.03276923076923072,0.03469230769230769,0.013999999999999901,1.815384615384616,2.169230769230765,-2.538461538461533,0.025615384615384595,-5.600000000000001,-0.2,-1.6000000000000014,2.4000000000000004,0.003200000000000036,0.0262,0.013800000000000034,-3.740000000000009,2.559999999999988,-3.299999999999997,-0.0027999999999999137,0
-7.076923076923077,0.07692307692307698,-1.7692307692307736,0.0,0.0020000000000000018,-0.009461538461538466,0.029230769230769282,-1.0769230769230944,-1.7615384615384784,-4.254615384615377,0.011153846153846292,-6.399999999999999,-0.20000000000000007,2.3999999999999986,-0.1999999999999993,0.00019999999999986695,-0.02180000000000004,-0.036599999999999966,-1.0799999999999983,4.639999999999986,-3.8999999999999915,-0.0030000000000001137,0
2.69230769230769,0.5384615384615385,0.8461538461538467,-1.6923076923076934,0.03692307692307689,0.0038461538461538325,-0.02130769230769225,7.430769230769215,-12.90769230769233,-1.4230769230769198,0.029999999999999916,3.0,0.20000000000000007,-2.6000000000000014,-6.0,0.04420000000000002,-0.039399999999999935,0.04380000000000006,9.699999999999989,-8.779999999999987,-1.8000000000000114,0.034800000000000164,0
1.3846153846153832,0.3076923076923077,0.0769230769230731,-0.15384615384615508,0.015538461538461501,0.007076923076923036,0.07538461538461538,3.330769230769235,-5.4692307692307764,4.456923076923076,0.01169230769230778,2.0,0.4,-4.0,-5.799999999999999,0.029600000000000126,0.07800000000000007,0.08039999999999992,9.060000000000002,-3.57999999999997,4.299999999999997,0.03259999999999996,1
-1.3076923076923102,0.30769230769230765,2.2307692307692335,-3.9230769230769234,-0.02269230769230768,0.03515384615384615,-0.05569230769230771,-0.10769230769228955,-11.723076923076931,-1.4230769230769198,-0.020230769230769274,-3.6000000000000014,0.39999999999999997,2.200000000000003,-5.0,-0.006599999999999884,0.05199999999999999,-0.019199999999999995,3.1200000000000045,-8.820000000000007,-1.7999999999999972,-0.008600000000000052,1
-0.6153846153846168,0.07692307692307687,-0.7692307692307665,0.9230769230769234,-0.0065384615384615485,-0.06430769230769223,-0.00038461538461542766,-3.5230769230769283,-4.753846153846155,-1.9684615384615398,-0.029153846153846086,0.8000000000000007,0.2,-3.3999999999999986,-0.8000000000000007,0.024599999999999955,-0.02300000000000002,-0.007799999999999918,2.9200000000000017,-3.0,-3.8999999999999915,0.011199999999999988,1
-3.76923076923077,-0.07692307692307698,-0.8461538461538467,-1.9230769230769234,-0.033384615384615346,-0.013153846153846183,-0.11461538461538467,-10.069230769230785,2.446153846153848,0.04923076923078895,-0.06415384615384612,-3.400000000000002,-0.4,0.19999999999999574,-5.200000000000001,-0.05220000000000008,-0.022800000000000042,-0.12360000000000004,-8.799999999999997,5.899999999999977,-1.7000000000000028,-0.09179999999999999,0
-0.6153846153846132,-0.23076923076923078,0.4615384615384599,1.1538461538461533,0.014153846153846128,0.020538461538461505,-0.030153846153846198,0.7692307692307594,4.007692307692295,3.538461538461533,0.0036923076923076614,-3.8000000000000007,-0.6,0.20000000000000284,-1.4000000000000004,-0.03160000000000007,0.013199999999999934,0.03320000000000012,-1.6799999999999926,9.059999999999988,1.9000000000000057,-0.04059999999999997,0
-7.23076923076923,0.07692307692307698,2.1538461538461533,-1.384615384615385,-0.028615384615384543,-0.0021538461538461173,0.013153846153846183,-2.2538461538461547,-0.5461538461538424,-4.269230769230774,-0.03276923076923077,-5.400000000000002,0.4,-1.0,-4.600000000000001,0.03640000000000004,0.059599999999999986,0.001000000000000112,12.52000000000001,6.739999999999995,-7.900000000000006,0.03179999999999994,0
-0.8461538461538467,-0.07692307692307698,-0.5384615384615401,0.615384615384615,0.025307692307692364,0.003076923076922977,-0.06615384615384612,0.23846153846155005,0.9153846153846246,1.3738461538461593,0.017538461538461614,-2.1999999999999993,-0.4,-5.0,3.8000000000000007,0.03400000000000003,-0.07839999999999997,-0.124,-10.52000000000001,-0.20000000000000284,4.599999999999994,0.007400000000000073,1
-4.76923076923077,0.15384615384615385,-1.8461538461538467,-0.615384615384615,0.00423076923076926,0.010307692307692351,-0.019846153846153958,2.2846153846154067,-5.66153846153847,-11.036153846153852,0.0006923076923076588,-5.599999999999998,0.4,0.0,-3.0,-0.006799999999999973,0.006799999999999973,-0.08439999999999992,8.0,-3.980000000000004,-16.700000000000003,-0.011800000000000033,1
-1.0,0.0,-3.3076923076923137,1.384615384615385,-0.00015384615384617106,-0.04330769230769227,0.012461538461538524,-2.630769230769232,0.5769230769230802,3.5492307692307747,-0.008230769230769264,-2.8000000000000007,-0.4,-3.6000000000000014,-0.5999999999999996,-0.01660000000000006,-0.07679999999999992,-0.01100000000000001,-5.980000000000004,7.420000000000002,4.927999999999997,-0.03159999999999996,1
-3.0769230769230766,-0.15384615384615385,-2.0,-1.384615384615385,0.011923076923076925,0.025076923076923052,-0.03538461538461557,1.8538461538461632,6.0,-5.073076923076911,0.013923076923076927,-3.1999999999999993,0.0,1.6000000000000014,-2.5999999999999996,-0.014000000000000068,0.011400000000000021,-0.08360000000000001,0.5200000000000102,4.960000000000008,-7.189999999999998,-0.02300000000000013,1
1.23076923076923,0.23076923076923073,1.3846153846153868,3.23076923076923,0.02223076923076922,0.0361538461538462,-0.09753846153846157,1.0846153846153754,-5.961538461538481,3.5730769230769255,0.025153846153846082,0.6000000000000014,0.6000000000000001,1.0,3.200000000000001,0.06919999999999998,0.07039999999999996,-0.08820000000000006,12.879999999999995,1.8799999999999955,3.6899999999999977,0.0696,0
-5.76923076923077,0.07692307692307693,2.0,2.1538461538461533,-0.010769230769230698,-0.02953846153846157,-0.053538461538461646,-4.015384615384619,-3.9923076923077048,1.3076923076923066,-0.013000000000000012,-5.800000000000001,-0.4,7.800000000000004,5.999999999999998,-0.04099999999999998,-0.04620000000000002,-0.10320000000000007,-11.399999999999977,-3.1999999999999886,2.0999999999999943,-0.05699999999999994,1
2.1538461538461533,-0.4615384615384615,0.9230769230769269,-0.07692307692307665,-0.00415384615384623,0.029461538461538428,0.013615384615384474,-0.6999999999999886,7.446153846153848,1.2930769230769101,-0.010692307692307779,-3.3999999999999986,-0.4,2.200000000000003,-0.40000000000000036,-0.06259999999999993,-0.022800000000000042,0.15159999999999985,-3.9599999999999795,0.45999999999999375,0.10000000000000853,-0.04839999999999989,0
-2.4615384615384635,0.15384615384615385,-1.923076923076927,-1.2307692307692317,0.001307692307692343,-0.021692307692307622,0.024307692307692252,2.869230769230782,-2.2153846153846217,-3.265384615384619,0.008076923076923093,-4.599999999999998,0.39999999999999997,2.8000000000000043,-1.0,-0.04680000000000001,-0.10960000000000003,-0.03639999999999988,-7.420000000000016,-10.280000000000015,-0.7999999999999972,-0.06059999999999999,1
2.0,-0.07692307692307687,-2.07692307692308,2.615384615384615,-0.003846153846153777,-0.015538461538461501,-0.03784615384615386,-8.930769230769243,-3.092307692307699,1.4276923076923111,-0.026076923076922998,0.3999999999999986,-0.6000000000000001,-5.800000000000004,4.399999999999999,-0.024800000000000044,-0.026000000000000023,-0.09760000000000002,-16.540000000000006,7.639999999999986,2.6999999999999886,-0.06040000000000001,0
4.615384615384617,0.3846153846153846,-0.461538461538467,-1.1538461538461533,0.05153846153846153,0.06292307692307691,0.03599999999999992,6.438461538461539,-9.253846153846155,1.923076923076934,0.06738461538461538,4.399999999999999,0.6,4.199999999999996,-0.40000000000000036,0.07659999999999995,0.11399999999999999,0.03179999999999994,8.900000000000006,-10.140000000000015,4.5,0.09560000000000002,1
-1.8461538461538467,0.15384615384615385,-2.538461538461533,0.9230769230769234,0.02523076923076928,0.005384615384615432,-0.008384615384615435,1.6076923076922895,-0.5846153846154039,-1.9230769230769198,0.02946153846153854,-2.3999999999999986,0.0,0.7999999999999972,0.40000000000000036,0.0024000000000000132,0.014600000000000002,0.052200000000000024,-0.2400000000000091,1.3399999999999892,-3.9000000000000057,0.020199999999999885,0
2.23076923076923,0.5384615384615385,6.846153846153847,-0.07692307692307665,0.02892307692307694,0.04630769230769233,-0.05838461538461537,8.215384615384608,-7.792307692307688,-0.7676923076923146,0.00592307692307692,2.6000000000000014,0.39999999999999997,3.3999999999999986,2.9999999999999982,0.05619999999999992,0.06639999999999996,0.015600000000000058,8.52000000000001,-4.179999999999964,1.2999999999999972,0.04720000000000002,1
1.6153846153846132,-0.5384615384615385,-6.53846153846154,3.76923076923077,-0.009769230769230752,0.013615384615384585,-0.06192307692307686,-14.438461538461524,2.5692307692307566,2.833846153846153,-0.012076923076922985,2.200000000000003,-0.6,-3.5999999999999943,2.1999999999999993,-0.033399999999999985,-0.007400000000000073,-0.11260000000000014,-17.39999999999999,2.5400000000000063,2.5,-0.041000000000000036,1
2.384615384615387,-0.15384615384615385,-5.692307692307693,-3.30769230769231,0.0456923076923077,0.016615384615384587,0.040692307692307694,1.7692307692307452,2.3461538461538396,0.20923076923077133,0.02015384615384619,5.600000000000001,-0.2,-7.200000000000003,-5.199999999999999,0.07880000000000004,0.03860000000000002,0.0371999999999999,6.760000000000019,10.90000000000002,-0.6039999999999992,0.03520000000000001,1
-3.6153846153846168,-0.4615384615384615,-1.923076923076927,0.8461538461538467,-0.0627692307692308,-0.09715384615384615,-0.09092307692307688,-19.453846153846143,-2.6769230769230887,1.4323076923076883,-0.10069230769230753,-5.600000000000001,-0.6000000000000001,0.8000000000000043,0.5999999999999996,-0.07600000000000001,-0.12719999999999998,-0.17220000000000013,-18.659999999999982,-3.9599999999999937,1.7000000000000028,-0.12780000000000002,0
-3.3846153846153832,0.0,-1.6153846153846203,-1.384615384615385,-0.01184615384615384,-0.020384615384615334,0.06646153846153846,2.36153846153843,-1.130769230769232,-5.78923076923077,-0.009076923076923094,0.0,0.4,1.0,-1.3999999999999986,0.012599999999999945,-0.023399999999999976,0.07279999999999998,7.0,-6.019999999999982,-3.495999999999995,0.022400000000000087,0
-5.53846153846154,0.23076923076923084,4.53846153846154,2.0,0.006692307692307664,-0.015076923076923043,-0.025307692307692364,2.038461538461533,-3.3461538461538396,-0.8023076923076928,-0.0016153846153845741,-5.400000000000002,0.4,3.3999999999999986,2.1999999999999993,0.0119999999999999,-0.010200000000000098,-0.08679999999999988,5.140000000000015,1.279999999999987,-1.0860000000000127,0.0043999999999999595,1
1.4615384615384635,0.1538461538461538,5.230769230769226,-0.1538461538461533,-0.021230769230769275,-0.019230769230769162,0.04446153846153855,-1.9923076923077048,-3.4307692307692292,-0.9853846153846177,-0.024615384615384706,1.0,0.0,9.200000000000003,0.1999999999999993,-0.05620000000000003,-0.059599999999999986,0.04899999999999982,-6.400000000000006,-11.260000000000034,1.2860000000000014,-0.05819999999999992,1
-0.6923076923076934,-0.3076923076923077,-5.46153846153846,2.4615384615384617,-0.002615384615384686,0.03215384615384609,0.0020769230769231983,-4.353846153846149,10.884615384615387,1.279999999999987,-0.0012307692307692575,-1.0,-0.2,-9.200000000000003,5.199999999999999,-0.011399999999999966,0.013800000000000034,-0.022399999999999975,-12.060000000000016,12.119999999999976,1.8000000000000114,-0.00880000000000003,0
-1.3076923076923066,0.1538461538461538,6.2307692307692335,-0.4615384615384617,-0.0170769230769231,-0.038230769230769235,-0.028538461538461513,-3.1538461538461746,-11.884615384615387,-3.6684615384615284,-0.03215384615384609,-1.6000000000000014,0.4,10.399999999999999,3.8000000000000007,0.026199999999999946,-0.02839999999999998,-0.0688000000000002,2.680000000000021,-18.639999999999986,-2.0,0.00759999999999994,0
-1.3846153846153832,0.07692307692307693,3.0,-0.3076923076923084,0.015076923076923099,0.02707692307692311,-0.0025384615384617115,-0.3615384615384727,-0.461538461538467,4.112307692307695,-0.004538461538461602,-1.1999999999999993,0.20000000000000007,-1.7999999999999972,-5.999999999999998,0.04479999999999995,0.0494,0.0036000000000000476,6.3999999999999915,4.759999999999991,1.5999999999999943,0.020399999999999974,1
1.0,-0.07692307692307698,0.2307692307692335,0.6923076923076934,-0.030384615384615343,-0.008307692307692294,0.032076923076923,-3.7692307692307594,-3.3000000000000114,-0.31538461538460183,-0.022384615384615447,-1.2000000000000028,-0.20000000000000007,4.600000000000001,-0.1999999999999993,-0.06559999999999994,-0.02779999999999999,-0.04039999999999999,-11.200000000000003,-12.419999999999987,-1.4959999999999951,-0.0786,0
-2.0,0.23076923076923078,0.3846153846153797,-1.76923076923077,-0.0032307692307691482,0.0020769230769230873,0.017538461538461503,1.461538461538467,-12.0,-0.6646153846153737,0.002923076923076806,-2.599999999999998,0.2,-2.0,-4.0,0.006800000000000084,0.05120000000000002,0.02200000000000002,4.400000000000006,-10.119999999999976,-2.1000000000000085,0.012399999999999967,0
6.69230769230769,-0.07692307692307687,-5.769230769230774,0.4615384615384617,0.04038461538461535,0.023999999999999966,-0.03946153846153855,3.7692307692307736,5.730769230769241,1.6723076923076974,0.03553846153846163,5.800000000000001,-0.6000000000000001,-9.0,2.799999999999999,0.03480000000000005,-0.003599999999999992,0.0381999999999999,-1.7399999999999807,14.28000000000003,2.9000000000000057,0.02520000000000011,1
1.6923076923076934,0.30769230769230765,4.076923076923073,-1.0,0.021769230769230763,0.010461538461538467,-0.05315384615384622,2.976923076923086,-4.807692307692307,2.4215384615384608,0.018153846153846076,0.0,0.39999999999999997,7.600000000000001,-5.200000000000001,-0.011200000000000099,-0.07060000000000005,0.01619999999999988,7.320000000000022,1.2800000000000011,1.7999999999999972,-0.020000000000000018,0
-0.30769230769231015,0.15384615384615385,2.2307692307692335,0.3076923076923066,-0.023461538461538423,-0.049076923076923074,0.02907692307692311,1.1076923076923038,-3.2692307692307736,-0.9046153846153828,-0.016692307692307673,2.3999999999999986,0.19999999999999996,5.799999999999997,1.3999999999999986,-0.03520000000000001,-0.030999999999999972,0.03760000000000019,-1.7999999999999972,-8.239999999999995,1.8999999999999915,-0.02959999999999996,1
1.4615384615384635,0.38461538461538464,3.384615384615387,0.384615384615385,0.012923076923076926,0.040000000000000036,0.05984615384615366,9.215384615384608,-5.838461538461544,-0.8092307692307656,0.0472307692307693,3.8000000000000007,0.6000000000000001,3.0,-0.1999999999999993,0.031200000000000006,0.04460000000000003,0.17080000000000006,13.600000000000009,-2.3400000000000034,-1.2039999999999935,0.08039999999999992,1
-3.1538461538461533,-0.23076923076923078,3.0,1.4615384615384617,-0.014769230769230812,-0.032307692307692315,-0.025923076923076938,-2.1230769230769226,8.192307692307693,3.26384615384616,-0.015000000000000124,-3.1999999999999993,-0.2,-0.6000000000000014,2.8000000000000007,-0.00379999999999997,-0.02560000000000001,0.02499999999999991,-1.5,10.5,5.0,0.010800000000000032,1
-1.2307692307692335,0.0,-1.1538461538461533,-4.307692307692307,-0.0033076923076922893,0.03676923076923072,0.02838461538461534,7.892307692307668,4.453846153846158,-5.730769230769226,0.013846153846153841,-1.1999999999999993,0.0,-6.399999999999999,-3.799999999999999,0.026600000000000124,0.05439999999999995,0.07479999999999998,11.659999999999997,5.199999999999974,-5.200000000000003,0.047799999999999954,0
1.23076923076923,0.15384615384615385,1.0769230769230802,2.3076923076923066,-0.022384615384615447,-0.011538461538461553,-0.04707692307692313,-4.3615384615384585,-0.3615384615384585,0.9776923076922941,-0.0064615384615385185,-6.399999999999999,0.0,0.3999999999999986,4.800000000000001,-0.05479999999999996,-0.03739999999999999,-0.06819999999999993,-10.360000000000014,-0.47999999999998977,-3.7960000000000065,-0.04380000000000006,0
4.615384615384617,-0.1538461538461538,1.2307692307692264,2.1538461538461533,-0.0018461538461538307,-0.01699999999999996,0.010384615384615326,-0.030769230769237765,8.76153846153845,3.3023076923076786,0.007153846153846288,-0.8000000000000007,-0.20000000000000007,4.400000000000006,1.8000000000000007,-0.05720000000000014,-0.027400000000000035,0.028200000000000114,-5.300000000000011,6.759999999999991,3.9000000000000057,-0.02980000000000005,1
4.846153846153847,-0.07692307692307698,-6.076923076923073,-1.3076923076923084,0.04138461538461535,0.052923076923076906,0.002923076923076917,4.9769230769230575,9.253846153846155,2.6500000000000057,0.06353846153846154,5.599999999999998,0.20000000000000007,-5.600000000000001,-7.0,0.03479999999999994,0.05740000000000006,-0.07399999999999995,8.28000000000003,3.9000000000000057,2.200000000000003,0.04600000000000004,1
-6.615384615384613,-0.3846153846153846,-8.846153846153847,-0.6923076923076916,0.0065384615384615485,-0.0010000000000000564,0.08861538461538454,1.407692307692301,7.469230769230762,-1.859230769230777,0.023769230769230876,-5.800000000000001,-0.39999999999999997,-8.799999999999997,-4.199999999999999,-0.02479999999999999,-0.041600000000000026,0.044399999999999995,-0.8799999999999955,6.359999999999985,-4.699999999999989,-0.014799999999999813,0
-0.07692307692307665,0.0,4.076923076923073,-2.384615384615385,-0.007538461538461494,-0.00430769230769229,0.027846153846153632,2.0615384615384613,-1.6461538461538368,5.533846153846156,0.0013846153846153175,-1.3999999999999986,0.0,2.200000000000003,-4.0,0.008199999999999985,-0.012199999999999989,0.04359999999999997,0.5799999999999699,-4.700000000000003,4.199999999999989,0.013400000000000079,0
-1.6153846153846132,-0.15384615384615385,-0.3846153846153797,0.4615384615384617,-0.03707692307692306,-0.03453846153846157,-0.03892307692307695,-5.915384615384625,-2.576923076923066,-0.3846153846153868,-0.05700000000000005,2.1999999999999993,0.0,-5.600000000000001,-1.4000000000000004,-0.034200000000000064,-0.08219999999999994,-0.0746,-5.840000000000018,-2.1599999999999966,-0.7000000000000028,-0.06259999999999988,0
-0.15384615384615685,-0.07692307692307698,-1.2307692307692335,0.23076923076922995,-0.02207692307692316,-0.028230769230769226,0.033923076923076945,-6.7846153846153925,-3.8307692307692207,3.734615384615381,-0.026615384615384596,-0.1999999999999993,-0.20000000000000007,1.6000000000000014,1.8000000000000007,-0.045799999999999896,-0.061000000000000054,-0.027200000000000002,-17.560000000000016,-6.279999999999973,7.3999999999999915,-0.0716,0
2.46153846153846,0.3076923076923077,-2.0,0.0,0.050307692307692276,0.0466923076923077,-0.00846153846153852,2.923076923076934,-14.330769230769235,0.8076923076923066,0.04907692307692302,3.0,0.19999999999999996,-0.6000000000000014,-0.40000000000000036,0.08619999999999989,0.038400000000000045,0.007199999999999984,5.240000000000009,-14.5,-1.0,0.08140000000000003,0
